url,tipo,title,title_len,desc_len,palabras,h2,tablas,enlaces_entrantes,enlaces_salientes_internos,externos,afiliados,keyword_principal,kw_en_title,kw_en_h1,semrush_vol,semrush_kd,semrush_kw,revisado,faq,problemas
/,home,Comparativas y calculadoras de herramientas en Argentina · TallerLab,68,152,447,5,0,563,25,0,0,,False,False,,,,,False,title>60
/amoladoras/,hub,"Cómo elegir una amoladora: tipos, medidas y marcas · TallerLab",62,141,2780,14,2,55,30,10,3,como elegir una amoladora,True,False,,,,28/09/2026,False,title>60 sin_faq
/compresores/,hub,Compresores · TallerLab,23,174,1061,4,0,237,28,0,0,,False,False,,,,,False,desc>160 title_hub_generico
/generadores/,hub,Generadores · TallerLab,23,159,1008,6,0,38,27,0,0,,False,False,,,,,False,title_hub_generico
/hidrolavadoras/,hub,"Hidrolavadoras: guías, marcas y comparativas",44,162,1114,5,0,25,29,0,0,,False,False,,,,,False,desc>160
/sierras/,hub,Sierras: tipos y cómo elegir según el trabajo · TallerLab,57,151,1304,6,1,61,36,0,0,,False,False,,,,,False,
/soldadoras/,hub,"Soldadoras: cómo elegir entre inverter, MIG, TIG y punto | Taller Lab · TallerLab",81,184,1973,13,1,39,34,13,5,soldadoras,True,True,,,,27/09/2026,False,title>60 desc>160 sin_faq
/soldadura-electronica/,hub,Soldadura electrónica · TallerLab,33,173,365,5,0,7,11,0,0,,False,False,,,,,False,desc>160 title_hub_generico
/taladros/,hub,Taladros y atornilladores · TallerLab,37,151,1092,5,0,47,29,0,0,,False,False,,,,,False,title_hub_generico
/amoladoras/115-o-125/,guia,Amoladora de 115 o 125 mm: diferencias y elección · TallerLab,61,134,1726,9,3,22,12,20,2,amoladora 115,False,False,,,,28/09/2026,False,title>60 sin_faq
/amoladoras/7-pulgadas/,guia,Amoladora de 7 pulgadas: cómo elegir una de 180 mm · TallerLab,62,123,1810,10,4,18,15,13,2,amoladora 7 pulgadas,False,False,,,,01/10/2026,False,title>60 sin_faq
/amoladoras/9-pulgadas/,guia,Amoladora de 9 pulgadas: cuándo conviene una de 230 mm · TallerLab,66,115,1830,11,2,14,15,11,2,amoladora 9 pulgadas,False,False,,,,28/09/2026,False,title>60 sin_faq
/amoladoras/bosch/,guia,Amoladoras Bosch: modelos y diferencias para elegir · TallerLab,63,104,2072,13,3,16,13,12,2,amoladora bosch,False,True,,,,28/09/2026,False,title>60 sin_faq
/amoladoras/de-banco/,guia,Amoladora de banco: cómo elegir para tu taller · TallerLab,58,132,2500,14,4,5,10,13,2,amoladora de banco,True,False,,,,01/10/2026,False,pocos_enlaces_entrantes sin_faq
/amoladoras/dewalt/,guia,Amoladoras DeWalt: modelos y cómo elegir · TallerLab,52,134,2037,11,3,11,11,16,2,amoladora dewalt,False,True,,,,28/09/2026,False,sin_faq
/amoladoras/disco-de-corte/,guia,Disco de corte para amoladora: cuál elegir según el material · TallerLab,72,111,2301,16,3,14,15,7,1,disco de corte para amoladora,True,True,,,,28/09/2026,False,title>60 sin_faq
/amoladoras/disco-de-desbaste/,guia,Disco de desbaste: cómo elegirlo para metal · TallerLab,55,113,1881,14,3,10,12,8,2,disco de desbaste,True,False,1600,12,disco de desbaste,28/09/2026,False,sin_faq
/amoladoras/disco-diamantado-segmentado/,guia,Disco diamantado segmentado: usos y cómo elegir · TallerLab,59,134,1615,11,2,11,12,11,2,disco diamantado segmentado,True,True,,,,28/09/2026,False,sin_faq
/amoladoras/disco-flap/,guia,Disco flap: para qué sirve y qué grano elegir · TallerLab,57,106,2341,12,5,13,12,10,2,disco flap,True,True,2900,9,disco flap,28/09/2026,False,sin_faq
/amoladoras/discos-ceramica/,guia,Disco para cortar cerámica: cómo elegirlo · TallerLab,53,112,1780,12,2,11,11,7,2,disco para cortar ceramica,True,False,0,14,mejor disco para cortar ceramica,28/09/2026,False,sin_faq
/amoladoras/discos-vidrio/,guia,"Disco para cortar vidrio: tipos, compatibilidad y límites · TallerLab",69,111,1570,10,1,8,10,11,3,disco para cortar vidrio,True,True,,,,28/09/2026,False,title>60 sin_faq
/amoladoras/discos/,guia,"Discos para amoladora: tipos, usos y compatibilidad · TallerLab",63,123,1844,9,3,17,13,9,3,discos para amoladora,True,True,,,,28/09/2026,False,title>60 sin_faq
/amoladoras/dowen-pagio/,guia,"Amoladoras Dowen Pagio: 9993220.7, 9993220.9 y 9993224.2 · TallerLab",68,115,1735,9,3,5,11,17,2,amoladora dowen pagio,False,False,,,,01/10/2026,False,title>60 pocos_enlaces_entrantes sin_faq
/amoladoras/gamma/,guia,Amoladoras Gamma: modelos y qué revisar antes de comprar · TallerLab,68,123,1685,11,2,5,12,15,2,amoladora gamma,False,False,,,,28/09/2026,False,title>60 pocos_enlaces_entrantes sin_faq
/amoladoras/inalambricas/,guia,Amoladoras inalámbricas: cómo elegir batería y modelo · TallerLab,65,110,2799,17,4,14,16,12,2,amoladora inalambrica,False,False,0,27,mejor amoladora a bateria,28/09/2026,False,title>60 sin_faq
/amoladoras/ingco/,guia,Amoladoras Ingco: modelos con cable y a batería · TallerLab,59,113,1950,10,2,4,13,19,2,amoladora ingco,False,True,,,,01/10/2026,False,pocos_enlaces_entrantes sin_faq
/amoladoras/lusqtoff/,guia,Amoladoras Lusqtoff: modelos y qué revisar · TallerLab,54,151,1717,12,4,6,13,9,2,amoladora lusqtoff,False,False,,,,28/09/2026,False,sin_faq
/amoladoras/makita/,guia,Amoladoras Makita: modelos y diferencias · TallerLab,52,132,1998,12,3,8,14,16,2,amoladora makita,False,True,,,,28/09/2026,False,sin_faq
/amoladoras/recta/,guia,"Amoladora recta: eléctrica o neumática, cuál elegir · TallerLab",63,118,1821,13,4,5,12,9,1,amoladora recta,True,False,,,,28/09/2026,False,title>60 pocos_enlaces_entrantes sin_faq
/amoladoras/skil-830w/,guia,Amoladora Skil de 830 W: qué revisar antes de comprar · TallerLab,65,135,1325,9,2,5,10,5,1,amoladora skil 830w,False,False,,,,01/10/2026,False,title>60 pocos_enlaces_entrantes sin_faq
/amoladoras/stanley/,guia,Amoladoras Stanley: cómo elegir el modelo · TallerLab,53,143,1672,11,2,6,11,19,2,amoladora stanley,False,False,0,12,amoladora stanley opiniones,28/09/2026,False,sin_faq
/amoladoras/total/,guia,"Amoladoras Total: modelos de 115, 125 y 180 mm · TallerLab",58,129,1548,10,1,11,11,13,1,amoladora total,False,False,,,,28/09/2026,False,sin_faq
/amoladoras/velocidad-variable/,guia,Amoladora de velocidad variable: cuándo conviene · TallerLab,60,136,1687,10,2,7,16,11,1,amoladora velocidad variable,False,False,,,,01/10/2026,False,sin_faq
/autor/joaquin-vallasciani/,guia,Joaquín Vallasciani — Editor e investigador de TallerLab · TallerLab,68,95,1533,3,0,743,184,0,0,,False,False,,,,,False,title>60
/como-trabajamos/,institucional,Cómo trabajamos · TallerLab,27,97,668,7,0,743,5,0,0,,False,False,,,,,False,title_hub_generico
/compresores/100-litros/,guia,Qué compresor de 100 litros elegir para tu taller · TallerLab,61,139,2797,10,3,11,13,27,9,compresor de 100 litros,True,True,,,,28/09/2026,False,title>60 sin_faq
/compresores/12v-doble-piston/,guia,Compresor 12 V doble pistón: qué revisar antes de elegir · TallerLab,68,142,2301,11,2,8,12,20,6,compresor 12v doble piston,False,True,,,,28/09/2026,False,title>60 sin_faq
/compresores/200-litros/,guia,Compresores de 200 litros: guía de compra para taller · TallerLab,65,131,2561,11,3,7,10,18,2,compresor de 200 litros,False,False,,,,01/10/2026,False,title>60 sin_faq
/compresores/24-litros/,guia,Compresor de 24 litros: para qué sirve y cuál elegir · TallerLab,64,135,2976,12,3,11,13,27,8,compresor de 24 litros,True,True,,,,28/09/2026,False,title>60 sin_faq
/compresores/50-litros/,guia,Compresor de 50 litros: comparativa y guía de compra · TallerLab,64,139,2814,13,4,22,13,30,2,compresor 50 litros,False,False,1000,15,compresor 50 litros,27/09/2026,False,title>60 sin_faq
/compresores/aceite/,guia,Aceite para compresor de aire: cuál lleva y cómo elegir · TallerLab,67,146,1676,10,1,20,11,5,0,aceite para compresor de aire,True,False,,,,01/10/2026,False,title>60 sin_afiliado sin_faq
/compresores/acoples-rapidos/,guia,"Acople rápido para compresor: perfiles, roscas y medidas · TallerLab",68,101,1599,8,3,11,10,5,0,acople rapido para compresor,True,True,,,,02/10/2026,False,title>60 sin_afiliado sin_faq
/compresores/bta-25-litros/,guia,Compresor BTA de 25 litros: para quién conviene · TallerLab,59,131,2014,12,3,5,10,14,3,compresor bta 25 litros,False,False,,,,28/09/2026,False,pocos_enlaces_entrantes sin_faq
/compresores/filtros/,guia,Filtro de aire para compresor: cómo elegir el repuesto · TallerLab,66,143,1606,6,2,15,12,3,0,filtro de aire para compresor,True,True,,,,02/10/2026,False,title>60 sin_afiliado sin_faq
/compresores/gamma-50-litros/,guia,Compresor Gamma de 50 litros: guía de compra · TallerLab,56,137,1664,8,2,8,11,4,0,compresor gamma 50 litros,False,False,,,,01/10/2026,False,sin_afiliado sin_faq
/compresores/inalambricos/,guia,Cómo elegir un compresor inalámbrico a batería · TallerLab,58,149,2379,11,2,8,12,17,6,compresor inalámbrico,True,True,,,,28/09/2026,False,sin_faq
/compresores/inflador-neumaticos-portatil/,guia,"Inflador de neumáticos portátil: cómo elegirlo para auto, moto o bicicleta · TallerLab",86,127,3018,11,3,5,11,30,8,inflador de neumáticos portátil,True,True,,,,28/09/2026,False,title>60 pocos_enlaces_entrantes sin_faq
/compresores/kits-accesorios/,guia,Qué kit de accesorios comprar para un compresor · TallerLab,59,113,2612,11,4,7,11,20,11,kit para compresor de aire,False,False,,,,28/09/2026,False,sin_faq
/compresores/kits-aerografo/,guia,Aerógrafo con compresor: qué kit comprar para empezar · TallerLab,65,146,2346,11,4,3,9,26,0,aerografo con compresor,True,True,,,,28/09/2026,False,title>60 pocos_enlaces_entrantes sin_afiliado sin_faq
/compresores/lusqtoff-100-litros/,guia,Compresor Lusqtoff de 100 litros: prestaciones y usos · TallerLab,65,150,2450,10,3,6,11,22,6,compresor lusqtoff 100 litros,False,False,,,,01/10/2026,False,title>60 sin_faq
/compresores/lusqtoff-50-litros/,guia,Compresor Lusqtoff de 50 litros: cuál elegir · TallerLab,56,153,2181,7,2,12,10,27,9,compresor lusqtoff 50 litros,False,False,20,26,compresor lusqtoff 50 litros opiniones,01/10/2026,False,sin_faq
/compresores/manguera/,guia,Manguera para compresor de aire: medidas y materiales · TallerLab,65,155,2192,7,3,10,10,7,0,manguera para compresor de aire,True,True,,,,02/10/2026,False,title>60 sin_afiliado sin_faq
/compresores/para-aerografo/,guia,Compresor para aerógrafo: cómo elegir el adecuado · TallerLab,61,110,2610,12,2,6,10,21,0,compresor para aerografo,True,False,20,5,compresor para aerografo silencioso,28/09/2026,False,title>60 sin_afiliado sin_faq
/compresores/para-auto/,guia,Compresor de aire para auto: cuál elegir · TallerLab,52,176,2282,10,2,5,12,22,9,compresor de aire para auto,True,True,10,28,mejor compresor de aire para auto,28/09/2026,False,desc>160 pocos_enlaces_entrantes sin_faq
/compresores/para-pintar/,guia,Compresor para pintar: cómo elegirlo según la pistola y el trabajo · TallerLab,78,150,4120,14,6,9,14,35,1,compresor para pintar,True,False,,,,01/10/2026,False,title>60 sin_faq
/compresores/pistola-para-pintar/,guia,Pistola para pintar con compresor: cuál elegir · TallerLab,58,166,2130,11,2,7,10,15,9,pistola para pintar con compresor,True,True,,,,28/09/2026,False,desc>160 sin_faq
/compresores/sin-aceite/,guia,Compresores sin aceite: cuándo convienen · TallerLab,52,150,2702,12,3,5,13,19,6,compresor sin aceite,False,False,10,2,compresor sin aceite opiniones,01/10/2026,True,pocos_enlaces_entrantes
/compresores/stanley/,guia,Compresores Stanley: comparativa y guía de compra · TallerLab,61,146,2635,12,2,3,12,25,6,compresor stanley,False,False,,,,29/09/2026,False,title>60 pocos_enlaces_entrantes sin_faq
/contacto/,institucional,Contacto y correcciones · TallerLab,35,64,125,2,0,190,5,1,0,,False,False,,,,,False,title_hub_generico
/generadores/a-gas/,guia,"Generadores a gas: GN, GLP, equipos duales y modelos · TallerLab",64,141,1874,9,3,12,15,15,1,generador electrico a gas,False,False,40,6,generador electrico a gas,29/09/2026,False,title>60 sin_faq
/generadores/a-nafta/,guia,"Generador a nafta: consumo, autonomía y modelos · TallerLab",59,151,2832,10,5,15,16,45,12,generador a nafta,True,True,,,,28/09/2026,False,sin_faq
/generadores/chicos/,guia,Generadores chicos: Pektra GPK980 frente a Konan KGE/800 · TallerLab,68,153,2004,9,2,7,15,14,3,grupo electrógeno chico,False,False,,,,29/09/2026,False,title>60 sin_faq
/generadores/comparativa-general/,guia,Grupos electrógenos: cómo elegir y comparar modelos · TallerLab,63,129,2088,13,5,31,18,39,18,grupos electrógenos,True,True,6600,20,grupo electrogeno,28/09/2026,False,title>60 sin_faq
/generadores/diesel/,guia,"Generador diésel: cuándo conviene, consumo y mantenimiento · TallerLab",70,156,2416,10,4,13,14,17,2,generador diesel,True,True,,,,28/09/2026,False,title>60 sin_faq
/generadores/estacion-de-energia-portatil/,guia,Estación de energía portátil: cómo elegir y estimar autonomía · TallerLab,73,145,2252,10,3,8,12,11,2,estacion de energia portatil,True,True,0,9,estación de energía portátil,29/09/2026,False,title>60 sin_faq
/generadores/gamma-6500/,guia,"Gamma 6500 usado: versiones, potencia y qué revisar · TallerLab",63,140,2001,8,3,8,13,7,1,gamma 6500,True,True,,,,28/09/2026,False,title>60 sin_faq
/generadores/gamma-950/,guia,Generador Gamma 950: qué puede alimentar · TallerLab,52,164,1245,7,1,8,12,5,1,gamma 950,True,True,,,,28/09/2026,False,desc>160 sin_faq
/generadores/gamma/,guia,"Generadores Gamma: modelos vigentes, usos y precios · TallerLab",63,143,2334,8,5,13,16,21,5,generador gamma,False,True,,,,28/09/2026,False,title>60 sin_faq
/generadores/honda-6500/,guia,Grupo electrógeno Honda 6500: potencia y precio · TallerLab,59,137,1784,8,2,7,13,11,2,honda 6500,True,True,,,,28/09/2026,False,sin_faq
/generadores/honda/,guia,Grupos electrógenos Honda: modelos y diferencias · TallerLab,60,145,1485,8,2,6,13,17,5,grupos electrogenos honda,True,False,,,,28/09/2026,False,sin_faq
/generadores/hyundai/,guia,"Generadores Hyundai: modelos, potencia y precios · TallerLab",60,160,2113,8,4,7,16,28,1,generador hyundai,False,True,170,6,generador hyundai,28/09/2026,False,sin_faq
/generadores/inverter/,guia,Generador inverter: cómo funciona y cuándo conviene · TallerLab,63,137,2450,9,3,19,14,31,5,generador inverter,True,False,480,9,generador inverter,28/09/2026,False,title>60 sin_faq
/generadores/lusqtoff/,guia,Generadores Lüsqtoff: cuál elegir según potencia y tecnología · TallerLab,73,179,2222,8,3,4,16,30,6,generadores lusqtoff,True,True,260,10,generador lusqtoff,28/09/2026,False,title>60 desc>160 pocos_enlaces_entrantes sin_faq
/generadores/monofasicos/,guia,Generador monofásico: cómo elegir por potencia y uso · TallerLab,64,142,1882,9,2,18,12,12,5,grupos electrogenos monofasicos,False,True,,,,28/09/2026,False,title>60 sin_faq
/generadores/niwa/,guia,"Generadores Niwa: modelos, diferencias y precios · TallerLab",60,110,1772,6,3,5,14,15,3,generadores niwa,True,False,,,,28/09/2026,False,pocos_enlaces_entrantes sin_faq
/generadores/para-casa/,guia,Generador eléctrico para casa: qué potencia necesitás · TallerLab,65,143,2137,9,3,25,16,14,5,generador electrico para casa,True,False,390,6,generador electrico para casa,28/09/2026,False,title>60 sin_faq
/generadores/portatiles/,guia,"Generadores portátiles: cómo elegir para camping, viaje o trabajo · TallerLab",77,168,1933,8,4,14,14,11,3,generador portatil,False,False,0,32,mejores generadores electricos portatiles,28/09/2026,False,title>60 desc>160 sin_faq
/generadores/precios/,guia,Grupo electrógeno: precios por potencia y cómo comparar · TallerLab,67,172,2038,9,3,23,18,33,23,precios grupos electrogenos,False,False,,,,28/09/2026,False,title>60 desc>160 sin_faq
/generadores/silenciosos/,guia,Generador silencioso: modelos y cómo comparar el ruido · TallerLab,66,145,1585,10,1,15,13,20,3,generador silencioso,True,False,110,12,generador eléctrico silencioso,28/09/2026,False,title>60 sin_faq
/generadores/trifasicos/,guia,Generador trifásico: cómo dimensionarlo y elegir · TallerLab,60,134,1709,9,1,11,13,9,2,generador trifasico,True,True,,,,28/09/2026,False,sin_faq
/hidrolavadoras/150-bar/,guia,Hidrolavadoras de 150 bar: comparativa y cómo elegir · TallerLab,64,179,1954,9,3,13,15,28,2,hidrolavadora 150 bar,False,False,,,,30/09/2026,False,title>60 desc>160 sin_faq
/hidrolavadoras/200-bar/,guia,Hidrolavadoras de 200 bar: cuándo convienen · TallerLab,55,158,1933,8,2,6,13,18,0,hidrolavadora 200 bar,False,False,,,,29/09/2026,False,sin_afiliado sin_faq
/hidrolavadoras/black-decker/,guia,Hidrolavadoras Black+Decker: cuál conviene comprar · TallerLab,62,148,1943,8,2,4,12,24,6,hidrolavadora black decker,False,True,,,,29/09/2026,False,title>60 pocos_enlaces_entrantes sin_faq
/hidrolavadoras/bosch/,guia,Hidrolavadoras Bosch: comparativa y guía de compra · TallerLab,62,157,1829,8,2,7,12,21,2,hidrolavadora bosch,False,True,,,,29/09/2026,False,title>60 sin_faq
/hidrolavadoras/comparativa-general/,guia,Hidrolavadoras: cuál comprar según uso y presupuesto · TallerLab,64,184,2340,7,3,24,15,23,9,hidrolavadora,True,True,20,n/d,mejor hidrolavadora calidad precio,28/09/2026,False,title>60 desc>160 sin_faq
/hidrolavadoras/einhell/,guia,Hidrolavadoras Einhell: modelos y guía de compra · TallerLab,60,159,2085,8,4,5,12,20,3,hidrolavadora einhell,False,True,,,,29/09/2026,False,pocos_enlaces_entrantes sin_faq
/hidrolavadoras/gamma-130/,guia,Gamma 130: prestaciones y diferencias con Gamma 150 · TallerLab,63,155,1731,9,3,7,11,12,2,hidrolavadora gamma 130,False,True,,,,29/09/2026,False,title>60 sin_faq
/hidrolavadoras/gamma-150/,guia,"Gamma 150: características, uso y guía de compra · TallerLab",60,154,1970,11,3,10,11,12,1,hidrolavadora gamma 150,False,True,,,,29/09/2026,False,sin_faq
/hidrolavadoras/gamma/,guia,Hidrolavadoras Gamma: comparativa de modelos y precios · TallerLab,66,116,2198,9,5,8,11,45,19,hidrolavadora gamma,False,True,10,21,hidrolavadora gamma opiniones,29/09/2026,False,title>60 sin_faq
/hidrolavadoras/hidrolavadora-para-aire-acondicionado/,guia,Hidrolavadora para aire acondicionado: qué revisar · TallerLab,62,182,2087,9,2,3,12,12,1,hidrolavadora para aire acondicionado,True,True,260,29,hidrolavadora para aire acondicionado,30/09/2026,False,title>60 desc>160 pocos_enlaces_entrantes sin_faq
/hidrolavadoras/hyundai/,guia,Hidrolavadoras Hyundai: modelos y cuál comprar · TallerLab,58,162,1619,8,3,5,13,20,0,hidrolavadora hyundai,False,True,,,,29/09/2026,False,desc>160 pocos_enlaces_entrantes sin_afiliado sin_faq
/hidrolavadoras/inalambricas/,guia,Hidrolavadora inalámbrica: comparativa y guía de compra · TallerLab,67,173,2326,10,6,10,13,12,2,hidrolavadora inalambrica,True,True,5400,27,hidrolavadora inalambrica,28/09/2026,False,title>60 desc>160 sin_faq
/hidrolavadoras/karcher-k2/,guia,"Kärcher K2: versiones, prestaciones y guía de compra · TallerLab",64,183,2023,8,3,14,12,13,3,hidrolavadora karcher k2,False,True,,,,29/09/2026,False,title>60 desc>160 sin_faq
/hidrolavadoras/karcher-k3/,guia,Kärcher K3: versiones y diferencias con K2 y K4 · TallerLab,59,157,1715,8,1,8,12,22,4,hidrolavadora karcher k3,False,True,,,,29/09/2026,False,sin_faq
/hidrolavadoras/karcher-k4/,guia,Kärcher K4: versiones y diferencias con K3 y K5 · TallerLab,59,148,2187,11,3,9,11,20,3,hidrolavadora karcher k4,False,True,,,,29/09/2026,False,sin_faq
/hidrolavadoras/karcher-k5/,guia,Kärcher K5: prestaciones y cuándo conviene comprarla · TallerLab,64,174,1752,8,3,10,11,16,2,hidrolavadora karcher k5,False,True,,,,29/09/2026,False,title>60 desc>160 sin_faq
/hidrolavadoras/karcher/,guia,Hidrolavadoras Kärcher: modelos K2 a K5 y cuál comprar · TallerLab,66,179,2081,8,4,11,13,21,3,hidrolavadora karcher,False,True,,,,28/09/2026,False,title>60 desc>160 sin_faq
/hidrolavadoras/lusqtoff-hl-120/,guia,Lusqtoff HL 120: prestaciones y guía de compra · TallerLab,58,131,1868,12,4,4,11,18,4,hidrolavadora lusqtoff hl 120,False,True,30,27,hidrolavadora lusqtoff hl 120 opiniones,28/09/2026,False,pocos_enlaces_entrantes sin_faq
/hidrolavadoras/lusqtoff/,guia,Hidrolavadoras Lusqtoff: modelos y cuál elegir · TallerLab,58,164,1939,9,3,12,13,27,10,hidrolavadora lusqtoff,False,True,,,,29/09/2026,False,desc>160 sin_faq
/hidrolavadoras/niwa/,guia,"Hidrolavadoras Niwa: modelos, opiniones y cuál elegir · TallerLab",65,155,2327,10,4,10,14,26,4,hidrolavadora niwa,False,True,30,6,hidrolavadora niwa opiniones,29/09/2026,False,title>60 sin_faq
/hidrolavadoras/para-autos/,guia,Hidrolavadoras para autos: equipos y combos para elegir · TallerLab,67,172,2103,7,2,13,14,18,3,hidrolavadora para autos,False,False,10,22,mejores hidrolavadoras para autos,28/09/2026,False,title>60 desc>160 sin_faq
/hidrolavadoras/profesionales/,guia,Hidrolavadora profesional: cómo elegir para trabajar · TallerLab,64,164,2807,10,3,10,12,24,1,hidrolavadora profesional,True,True,390,13,hidrolavadora profesional,29/09/2026,False,title>60 desc>160 sin_faq
/hidrolavadoras/stihl/,guia,"Hidrolavadoras Stihl: modelos, diferencias y precios · TallerLab",64,149,2066,9,3,3,13,36,1,hidrolavadora stihl,False,True,,,,30/09/2026,False,title>60 pocos_enlaces_entrantes sin_faq
/privacidad/,institucional,Privacidad y datos · TallerLab,30,77,270,3,0,189,5,3,1,,False,False,,,,,False,title_hub_generico
/sierras/bosch-gks-150/,guia,Bosch GKS 150: características y cuándo conviene · TallerLab,60,103,834,5,2,10,14,9,3,bosch gks 150,True,True,140,7,sierra circular bosch gks 150,28/09/2026,False,corto<1000 sin_faq
/sierras/caladoras-black-decker/,guia,Caladora Black+Decker BES603: capacidad y usos · TallerLab,58,133,1332,6,2,6,10,3,1,sierra caladora black decker,False,True,,,,30/09/2026,False,sin_faq
/sierras/caladoras-einhell/,guia,Caladora Einhell: modelos con cable y a batería · TallerLab,59,95,1262,6,2,10,12,6,3,caladora einhell,True,True,,,,28/09/2026,False,sin_faq
/sierras/caladoras-skil/,guia,"Caladora Skil: modelos, diferencias y cuál elegir · TallerLab",61,123,1213,5,2,3,12,8,2,caladora skil,True,True,,,,01/10/2026,False,title>60 pocos_enlaces_entrantes sin_faq
/sierras/caladoras/,guia,Sierra caladora: cómo elegir y qué modelos comparar · TallerLab,63,104,1576,8,4,21,14,10,3,sierra caladora,True,True,0,17,mejor sierra caladora calidad precio,28/09/2026,False,title>60 sin_faq
/sierras/circulares-black-decker/,guia,Sierra circular Black+Decker: qué modelo elegir · TallerLab,59,120,1034,4,2,5,12,6,1,sierra circular black and decker,False,False,,,,28/09/2026,False,pocos_enlaces_entrantes sin_faq
/sierras/circulares-lusqtoff/,guia,Sierra circular Lusqtoff: modelos y guía de compra · TallerLab,62,107,1132,5,2,11,12,8,2,sierra circular lusqtoff,True,True,0,20,sierra circular lusqtoff opiniones,28/09/2026,False,title>60 sin_faq
/sierras/circulares/,guia,Sierra circular: cuál elegir según trabajo y capacidad · TallerLab,66,95,1709,8,3,20,16,8,4,sierra circular,True,True,0,26,mejor sierra circular calidad precio,27/09/2026,False,title>60 sin_faq
/sierras/de-banco-einhell/,guia,Sierra de banco Einhell: comparativa y guía de compra · TallerLab,65,135,1192,4,2,9,12,7,2,sierra de banco einhell,True,True,10,18,sierra de banco einhell opiniones,27/09/2026,False,title>60 sin_faq
/sierras/de-banco-lusqtoff/,guia,Sierra de banco Lusqtoff: SML2000-8 y otras variantes · TallerLab,65,151,1700,6,4,7,12,7,2,sierra de banco lusqtoff,True,True,,,,28/09/2026,False,title>60 sin_faq
/sierras/de-banco/,guia,Sierra de banco: cuál elegir para tu taller · TallerLab,55,128,1489,6,4,18,14,8,2,sierra de banco,True,True,0,23,mejor sierra de mesa calidad precio,27/09/2026,False,sin_faq
/sierras/disco-para-sierra-circular/,guia,Disco para sierra circular: cuál usar para cada corte · TallerLab,65,104,1848,8,4,5,13,6,1,disco para sierra circular,True,True,170,8,disco para sierra circular,28/09/2026,False,title>60 pocos_enlaces_entrantes sin_faq
/sierras/guia-para-sierra-circular/,guia,Guía para sierra circular: tipos y compatibilidad · TallerLab,61,122,1191,5,3,9,14,8,2,guia para sierra circular,True,True,390,15,guia para sierra circular,27/09/2026,False,title>60 sin_faq
/sierras/ingletadoras-dewalt/,guia,Ingletadora DeWalt: modelos regionales y guía de compra · TallerLab,67,120,1499,4,2,6,12,7,2,ingletadora dewalt,True,True,,,,28/09/2026,False,title>60 sin_faq
/sierras/ingletadoras-einhell/,guia,Ingletadora Einhell: modelos y cuál conviene elegir · TallerLab,63,158,1288,4,2,9,12,6,1,ingletadora einhell,True,True,20,25,ingletadora einhell opiniones,27/09/2026,False,title>60 sin_faq
/sierras/ingletadoras-total/,guia,Ingletadora Total: modelos y qué revisar al comprar · TallerLab,63,105,1067,4,3,5,12,4,1,ingletadora total,True,True,,,,28/09/2026,False,title>60 pocos_enlaces_entrantes sin_faq
/sierras/ingletadoras/,guia,Ingletadoras: cómo elegir entre fija y telescópica · TallerLab,62,139,1606,7,4,8,14,5,3,ingletadora,True,True,,,,28/09/2026,False,title>60 sin_faq
/sierras/sable/,guia,Sierra sable: para qué sirve y cuál elegir · TallerLab,54,86,982,5,1,7,13,3,0,sierra sable,True,True,,,,27/09/2026,False,corto<1000 sin_afiliado sin_faq
/sierras/sensitivas-dewalt/,guia,Sensitiva DeWalt: comparación de modelos y guía de compra · TallerLab,69,111,1265,4,3,6,12,8,2,sensitiva dewalt,True,True,,,,28/09/2026,False,title>60 sin_faq
/sierras/sensitivas-lusqtoff/,guia,Sensitiva Lusqtoff: CM-14K y qué revisar antes de comprar · TallerLab,69,159,907,5,2,11,12,6,2,sierra sensitiva lusqtoff,False,True,,,,28/09/2026,False,title>60 corto<1000 sin_faq
/sierras/sensitivas-total/,guia,Sensitiva Total: cómo elegir y comprobar el modelo · TallerLab,62,110,1176,6,4,5,12,5,4,sierra sensitiva total,False,True,,,,28/09/2026,False,title>60 pocos_enlaces_entrantes sin_faq
/sierras/sensitivas/,guia,Sensitiva: qué es y cuál comprar para cortar metal · TallerLab,62,97,1740,7,3,10,14,9,2,sensitiva,True,True,,,,27/09/2026,False,title>60 sin_faq
/sierras/sierra-caladora-bosch/,guia,Sierra caladora Bosch: comparativa de modelos en Argentina · TallerLab,70,90,1167,5,2,7,12,9,3,sierra caladora bosch,True,True,140,9,sierra caladora bosch,28/09/2026,False,title>60 sin_faq
/sierras/sierra-circular-dewalt-dwe560/,guia,DeWalt DWE560: ficha y guía de compra en Argentina · TallerLab,62,127,1185,7,2,10,14,5,3,sierra circular dewalt dwe560,False,True,30,8,sierra circular dewalt dwe560,28/09/2026,False,title>60 sin_faq
/sierras/sierra-circular-inalambrica/,guia,Sierra circular inalámbrica: cómo elegir según el trabajo · TallerLab,69,130,1495,7,1,10,10,12,6,sierra circular inalámbrica,True,True,,,,30/09/2026,False,title>60 sin_faq
/sierras/sierra-sable-inalambrica/,guia,Qué sierra sable inalámbrica comprar: guía y comparación · TallerLab,68,100,1220,4,4,4,11,5,2,sierra sable inalambrica,True,True,90,5,sierra sable inalambrica,28/09/2026,False,title>60 pocos_enlaces_entrantes sin_faq
/sierras/sierra-sin-fin-para-madera/,guia,Sierra sin fin para madera: cómo elegir la adecuada · TallerLab,63,104,1611,6,4,8,12,11,2,sierra sin fin para madera,True,True,720,8,sierra sin fin para madera,27/09/2026,False,title>60 sin_faq
/sierras/sin-fin-lusqtoff/,guia,Sierra sin fin Lusqtoff: modelos compactos y de taller · TallerLab,66,137,1178,6,4,6,12,8,2,sierra sin fin lusqtoff,True,True,,,,28/09/2026,False,title>60 sin_faq
/sierras/sin-fin-metal/,guia,Sierra sin fin para metal: tipos y cómo elegir · TallerLab,58,155,1538,7,4,11,11,8,2,sierra sin fin para metal,True,True,,,,27/09/2026,False,sin_faq
/sierras/stanley-sc16/,guia,Stanley SC16: ficha y qué comprobar antes de comprar · TallerLab,64,133,1166,7,3,9,14,5,3,sierra circular stanley sc16,False,True,30,6,sierra circular stanley sc16,28/09/2026,False,title>60 sin_faq
/soldadoras/alambre-flux/,guia,"Alambre flux: tipos, medidas y cuál comprar · TallerLab",55,144,1645,8,2,9,13,15,3,alambre flux,True,True,70,11,alambre flux 0.8,28/09/2026,False,sin_faq
/soldadoras/alambre-para-soldadura-mig/,guia,Alambre para soldadura MIG: tipos y cómo elegir · TallerLab,59,145,1749,8,3,9,13,26,2,alambre para soldadura mig,True,True,320,5,alambre para soldadura mig,28/09/2026,False,sin_faq
/soldadoras/carro-para-soldadora-mig/,guia,"Carro para soldadora MIG: medidas, tubo y capacidad · TallerLab",63,174,1755,8,2,3,12,2,0,carro para soldadora mig,True,True,,,,28/09/2026,False,title>60 desc>160 pocos_enlaces_entrantes sin_afiliado sin_faq
/soldadoras/electrodo-6013/,guia,Electrodo 6013: para qué sirve y cuál comprar · TallerLab,57,160,1496,8,2,11,13,12,4,electrodo 6013,True,True,,,,28/09/2026,False,sin_faq
/soldadoras/electrodo-7018/,guia,"Electrodo 7018: usos, amperaje y cuál comprar · TallerLab",57,198,1602,9,3,9,12,9,4,electrodo 7018,True,True,,,,27/09/2026,False,desc>160 sin_faq
/soldadoras/electrodo-para-acero-inoxidable/,guia,Electrodo para acero inoxidable: cuál elegir · TallerLab,56,161,1717,11,4,8,12,8,4,electrodo para acero inoxidable,True,False,,,,28/09/2026,False,desc>160 sin_faq
/soldadoras/electrodo-para-fundicion/,guia,Electrodo para fundición: tipos y cuál elegir · TallerLab,57,203,1766,9,3,10,11,11,2,electrodo para fundicion,True,True,,,,28/09/2026,False,desc>160 sin_faq
/soldadoras/esab-handyarc-162i/,guia,"ESAB HandyArc 162i: corriente, ciclo de trabajo y compra · TallerLab",68,189,1576,9,4,11,12,11,3,esab handyarc 162i,True,True,,,,28/09/2026,False,title>60 desc>160 sin_faq
/soldadoras/esab/,guia,"Soldadoras ESAB: modelos, diferencias y qué elegir · TallerLab",62,147,1147,7,3,5,12,16,3,soldadora esab,False,True,,,,28/09/2026,False,title>60 pocos_enlaces_entrantes sin_faq
/soldadoras/guantes/,guia,Guantes para soldar: cuáles elegir para MIG y TIG · TallerLab,61,179,1600,9,3,8,11,14,1,guantes para soldar,True,True,0,32,mejores guantes para soldar,28/09/2026,False,title>60 desc>160 sin_faq
/soldadoras/lusqtoff-iron-100/,guia,Lusqtoff Iron 100: ficha del kit con máscara y escuadras · TallerLab,68,171,1545,8,3,8,13,10,5,soldadora lusqtoff iron 100,False,True,,,,28/09/2026,False,title>60 desc>160 sin_faq
/soldadoras/lusqtoff-iron-250/,guia,Lusqtoff Iron 250: características y guía de compra · TallerLab,63,173,1386,8,2,11,13,10,4,soldadora lusqtoff iron 250,False,True,320,17,soldadora lusqtoff iron 250,28/09/2026,False,title>60 desc>160 sin_faq
/soldadoras/lusqtoff-sml120-8d/,guia,Lusqtoff SML120-8D: ficha de la MIG Flux dual · TallerLab,57,153,1128,8,1,11,12,9,2,lusqtoff sml120 8d,True,True,,,,28/09/2026,False,sin_faq
/soldadoras/lusqtoff-sml130-7/,guia,"Lusqtoff SML130-7: modelo, alambre y qué revisar · TallerLab",60,189,1428,6,2,8,12,11,2,lusqtoff sml130 7,True,True,,,,28/09/2026,False,desc>160 sin_faq
/soldadoras/lusqtoff-sml150-8/,guia,"Lusqtoff SML150-8: diferencias, kit y qué comprobar · TallerLab",63,128,1101,6,1,8,12,11,2,soldadora lusqtoff sml 150 8,False,False,,,,28/09/2026,False,title>60 sin_faq
/soldadoras/lusqtoff/,guia,Soldadoras Lusqtoff: modelos y cuál conviene comprar · TallerLab,64,133,1380,9,4,13,17,20,6,soldadora lusqtoff,False,True,20,28,soldadora lusqtoff opiniones,27/09/2026,False,title>60 sin_faq
/soldadoras/mascara-lusqtoff-st-1x/,guia,Máscara Lusqtoff ST-1X: qué revisar antes de comprar · TallerLab,64,189,1430,8,1,4,12,17,2,lusqtoff st 1x,True,True,,,,28/09/2026,False,title>60 desc>160 pocos_enlaces_entrantes sin_faq
/soldadoras/mascaras-fotosensibles/,guia,Máscara de soldar fotosensible: criterios y modelos · TallerLab,63,179,1947,8,3,5,10,18,3,mascara de soldar fotosensible,True,True,880,14,mascara de soldar fotosensible,28/09/2026,False,title>60 desc>160 pocos_enlaces_entrantes sin_faq
/soldadoras/mig-lusqtoff/,guia,Soldadora MIG Lusqtoff: modelos Flux y qué revisar · TallerLab,62,159,1368,7,1,16,13,13,2,soldadora mig lusqtoff,True,True,,,,28/09/2026,False,title>60 sin_faq
/soldadoras/mig-sin-gas/,guia,Soldadora MIG sin gas: comparativa y guía de compra · TallerLab,63,140,1739,10,3,14,14,18,3,soldadora mig sin gas,True,True,1600,25,soldadora mig sin gas,28/09/2026,False,title>60 sin_faq
/soldadoras/para-aluminio/,guia,"Soldadora para aluminio: TIG o MIG, cuál elegir · TallerLab",59,160,2425,8,4,9,13,10,2,soldadora para aluminio,True,False,210,n/d,soldadora para aluminio,28/09/2026,False,sin_faq
/soldadoras/soldadora-de-punto/,guia,"Soldadora de punto: tipos, usos y cuál elegir · TallerLab",57,176,1416,9,3,4,9,7,0,soldadora de punto,True,True,,,,28/09/2026,False,desc>160 pocos_enlaces_entrantes sin_afiliado sin_faq
/soldadoras/soldadora-dogo-180/,guia,Soldadora Dogo 180: características y qué revisar · TallerLab,61,161,1545,8,3,7,11,11,3,soldadora dogo 180,True,True,110,3,soldadora dogo 180,28/09/2026,False,title>60 desc>160 sin_faq
/soldadoras/soldadora-inverter-160-amp/,guia,Soldadora inverter 160 A: comparativa y qué elegir · TallerLab,62,144,1778,8,3,12,15,9,3,soldadora inverter 160 amp,False,False,210,14,soldadora inverter 160 amp,28/09/2026,False,title>60 sin_faq
/soldadoras/soldadora-inverter-200-amp/,guia,Soldadora inverter 200 A: modelos y cómo elegir · TallerLab,59,127,1484,9,4,11,12,7,2,soldadora inverter 200 amp,False,False,720,12,soldadora inverter 200 amp,28/09/2026,False,sin_faq
/soldadoras/soldadora-mig-con-gas/,guia,Soldadora MIG con gas: guía para elegir y comprar · TallerLab,61,205,1994,9,4,11,12,13,3,soldadora mig con gas,True,True,1000,11,soldadora mig con gas,28/09/2026,False,title>60 desc>160 sin_faq
/soldadoras/soldadora-tig-ac-dc/,guia,Soldadora TIG AC/DC: funciones y qué modelo elegir · TallerLab,62,141,1950,8,3,13,10,13,3,soldadora tig ac dc,True,True,90,5,soldadora tig ac dc,28/09/2026,False,title>60 sin_faq
/soldadoras/tig/,guia,Soldadora TIG: qué es y qué equipo conviene comprar · TallerLab,63,141,1763,9,3,10,11,23,3,soldadora tig,True,False,0,19,mejor soldadora tig,28/09/2026,False,title>60 sin_faq
/soldadura-electronica/estacion-de-soldadura/,guia,Estación de soldadura electrónica: cautín o aire caliente · TallerLab,69,221,906,4,1,10,10,5,0,estacion de soldadura electronica,True,True,,,,27/09/2026,False,title>60 desc>160 corto<1000 sin_afiliado sin_faq
/soldadura-electronica/gadnic-878d/,guia,Gadnic 878D: estación de cautín y aire caliente · TallerLab,59,154,861,4,1,9,11,4,1,estacion de soldado gadnic 878d,False,False,,,,27/09/2026,False,corto<1000 sin_faq
/soldadura-electronica/kit-soldador-de-estano/,guia,Kit soldador de estaño: qué debe incluir y cuál elegir · TallerLab,66,126,813,4,1,9,11,4,1,kit soldador de estaño,True,True,,,,27/09/2026,False,title>60 corto<1000 sin_faq
/soldadura-electronica/soporte-para-soldar-con-lupa/,guia,"Soporte para soldar con lupa: pinzas, base y luz · TallerLab",60,146,747,4,1,5,10,4,1,soporte para soldar con lupa,True,True,,,,27/09/2026,False,corto<1000 pocos_enlaces_entrantes sin_faq
/soldadura-electronica/yihua-898d/,guia,Yihua 898D: estación de aire caliente y cautín · TallerLab,58,121,1069,5,2,6,11,4,1,estacion de soldado yihua 898d,False,False,,,,27/09/2026,False,sin_faq
/taladros/atornillador-impacto-dewalt/,guia,Atornillador de impacto DeWalt: cuál comprar · TallerLab,56,128,1401,7,1,8,10,12,2,atornillador de impacto dewalt,True,True,,,,28/09/2026,False,sin_faq
/taladros/atornilladores-de-impacto/,guia,Atornillador de impacto: cuál elegir y para qué sirve · TallerLab,65,143,1643,9,3,10,11,5,0,atornillador de impacto,True,True,20,22,mejor atornillador de impacto,28/09/2026,False,title>60 sin_afiliado sin_faq
/taladros/black-decker/,guia,Taladro Black+Decker: qué modelo conviene comprar · TallerLab,61,120,1179,7,1,5,12,9,2,taladro black decker,True,True,,,,28/09/2026,False,title>60 pocos_enlaces_entrantes sin_faq
/taladros/bosch-inalambrico/,guia,"Taladro inalámbrico Bosch: GSR, GSB y cuál elegir · TallerLab",61,135,1667,9,3,11,11,8,2,taladro inalambrico bosch,True,True,,,,28/09/2026,False,title>60 sin_faq
/taladros/brocas-ceramica/,guia,Brocas para cerámica: cuáles usar y cómo perforar · TallerLab,61,141,1570,8,1,7,10,9,2,brocas para ceramica,True,False,,,,28/09/2026,False,title>60 sin_faq
/taladros/combo-taladro-amoladora/,guia,Combo taladro y amoladora: kits con cable y a batería · TallerLab,65,131,1658,10,1,3,14,10,3,combo taladro amoladora,False,False,,,,27/09/2026,True,title>60 pocos_enlaces_entrantes
/taladros/dewalt-inalambrico/,guia,Taladro inalámbrico DeWalt: modelos y diferencias · TallerLab,61,117,1176,8,1,12,12,8,2,taladro inalambrico dewalt,True,True,,,,28/09/2026,False,title>60 sin_faq
/taladros/einhell-inalambrico/,guia,Taladro inalámbrico Einhell: cuál comprar · TallerLab,53,111,1280,7,1,13,11,8,2,taladro inalambrico einhell,True,True,,,,28/09/2026,False,sin_faq
/taladros/inalambricos/,guia,Taladro inalámbrico: cuál comprar en Argentina · TallerLab,58,156,1867,9,5,24,17,10,4,taladro inalámbrico,True,True,40,26,mejor taladro inalambrico,28/09/2026,False,sin_faq
/taladros/lusqtoff-inalambrico/,guia,Taladro inalámbrico Lusqtoff: cuál conviene comprar · TallerLab,63,118,1324,7,2,10,13,11,3,taladro inalambrico lusqtoff,True,True,,,,28/09/2026,False,title>60 sin_faq
/taladros/mecha-forstner-35-mm/,guia,Mecha Forstner 35 mm: cuál usar para bisagras cazoleta · TallerLab,66,147,1592,8,2,6,11,6,0,mecha forstner,True,True,,,,28/09/2026,False,title>60 sin_afiliado sin_faq
/taladros/mecha-porcelanato/,guia,Mecha para porcelanato: cuál elegir y cómo usarla · TallerLab,61,125,2032,8,3,8,11,10,2,mecha para porcelanato,True,False,,,,28/09/2026,False,title>60 sin_faq
/taladros/mechas-escalonadas/,guia,Mecha escalonada: cuál comprar para chapa y metal · TallerLab,61,149,1938,10,1,7,12,10,1,mecha escalonada,True,True,,,,28/09/2026,True,title>60
/taladros/milwaukee/,guia,"Taladro Milwaukee: M12, M18 y cuál elegir · TallerLab",53,123,1662,7,3,6,12,13,2,taladro milwaukee,True,True,,,,30/09/2026,False,sin_faq
/taladros/para-durlock/,guia,Atornillador para Durlock: cuál comprar y por qué · TallerLab,61,115,1363,7,1,5,10,10,2,atornillador para durlock,True,True,20,11,que atornillador comprar para durlock,28/09/2026,False,title>60 pocos_enlaces_entrantes sin_faq
/taladros/percutores/,guia,Taladro percutor: cuál comprar y cómo elegirlo · TallerLab,58,115,1711,9,2,9,16,9,2,taladro percutor,True,True,20,17,mejor taladro percutor,28/09/2026,True,
/taladros/rotomartillo-bosch/,guia,Rotomartillo Bosch: modelos y cuál conviene comprar · TallerLab,63,116,1264,7,1,7,11,11,3,rotomartillo bosch,True,True,,,,28/09/2026,False,title>60 sin_faq
/taladros/rotomartillo-dewalt/,guia,Rotomartillo DeWalt: cuál elegir para tu trabajo · TallerLab,60,112,1491,9,1,7,11,14,1,rotomartillo dewalt,True,True,,,,28/09/2026,False,sin_faq
/taladros/rotomartillo-einhell/,guia,Rotomartillo Einhell: comparativa y guía de compra · TallerLab,62,117,1376,7,1,5,10,11,2,rotomartillo einhell,True,True,,,,30/09/2026,False,title>60 pocos_enlaces_entrantes sin_faq
/taladros/rotomartillos/,guia,Rotomartillo: cuál elegir para concreto y obra · TallerLab,58,159,1763,8,4,20,13,11,1,rotomartillo,True,True,,,,28/09/2026,False,sin_faq
/taladros/stanley/,guia,Taladro Stanley: modelos y cuál conviene comprar · TallerLab,60,117,1350,7,2,8,12,11,2,taladro stanley,True,True,20,28,taladro stanley opiniones,28/09/2026,False,sin_faq
/taladros/taladro-de-banco/,guia,Taladro de banco: guía para elegir y comparar · TallerLab,57,165,1876,8,5,7,12,13,5,taladro de banco,True,True,,,,28/09/2026,False,desc>160 sin_faq
/taladros/taladro-percutor-inalambrico/,guia,Taladro percutor inalámbrico: modelos y comparativa · TallerLab,63,136,1454,10,2,15,14,10,2,taladro percutor inalambrico,True,True,1000,15,taladro percutor inalambrico,28/09/2026,False,title>60 sin_faq
