url,archivo,estado,keyword_declara,title,h1,keyword_title_cobertura,keyword_h1_cobertura,primer_bloque_palabras,enlaces_fuente_no_comercial,dominios_fuente_no_comercial,enlaces_mercado_libre,tablas_markdown,menciona_opiniones,menciona_discrepancias,verificacion_externa,aporte_original,acciones_preliminares,hallazgo_manual
/amoladoras/,paginas\00-amoladoras.md,borrador,como elegir una amoladora,"Cómo elegir una amoladora: tipos, medidas y marcas",Qué amoladora comprar según el trabajo y el presupuesto,1.0,0.5,92,0,0,1,0,False,False,no realizada en este inventario,requiere lectura y contraste externo,Revisar correspondencia keyword-title-H1 manualmente; Localizar y contrastar fuentes primarias por modelo; Evaluar si una comparación estructurada aportaría a la intención; Revisar respuesta inicial y aportar conclusión original antes de publicar,No contrastado manualmente con fuente externa
/amoladoras/115-o-125/,paginas\20-amoladora-115-o-125.md,borrador,amoladora 115,Amoladora de 115 o 125 mm: diferencias y elección,Amoladora de 115 o 125 mm: cuál elegir para tu trabajo,1.0,1.0,59,0,0,4,11,False,False,no realizada en este inventario,requiere lectura y contraste externo,Localizar y contrastar fuentes primarias por modelo; Revisar respuesta inicial y aportar conclusión original antes de publicar,No contrastado manualmente con fuente externa
/amoladoras/7-pulgadas/,paginas\19-amoladora-7-pulgadas.md,borrador,amoladora 7 pulgadas,Amoladora de 7 pulgadas: cómo elegir una de 180 mm,Amoladoras de 7 pulgadas y 180 mm: cuándo elegirlas,1.0,1.0,72,0,0,1,5,False,False,no realizada en este inventario,requiere lectura y contraste externo,Localizar y contrastar fuentes primarias por modelo; Revisar respuesta inicial y aportar conclusión original antes de publicar,No contrastado manualmente con fuente externa
/amoladoras/9-pulgadas/,paginas\12-amoladora-de-9-pulgadas.md,borrador,amoladora 9 pulgadas,Amoladora de 9 pulgadas: cuándo conviene una de 230 mm,Amoladoras de 9 pulgadas y 230 mm: usos y elección,1.0,1.0,143,0,0,1,8,False,False,no realizada en este inventario,requiere lectura y contraste externo,Localizar y contrastar fuentes primarias por modelo; Revisar respuesta inicial y aportar conclusión original antes de publicar,No contrastado manualmente con fuente externa
/amoladoras/bosch/,paginas\10-amoladoras-bosch.md,borrador,amoladora bosch,Amoladoras Bosch: modelos y diferencias para elegir,Qué amoladora Bosch elegir según el trabajo,1.0,1.0,136,1,1,2,9,False,False,no realizada en este inventario,requiere lectura y contraste externo,Comprobar que cada cifra cite la fuente y variante exactas; Revisar respuesta inicial y aportar conclusión original antes de publicar,No contrastado manualmente con fuente externa
/amoladoras/de-banco/,paginas\06-amoladora-de-banco.md,borrador,amoladora de banco,Amoladora de banco: cómo elegir para tu taller,Amoladoras de banco: cuál elegir para afilar y desbastar,1.0,1.0,105,0,0,2,10,False,False,no realizada en este inventario,requiere lectura y contraste externo,Localizar y contrastar fuentes primarias por modelo; Revisar respuesta inicial y aportar conclusión original antes de publicar,No contrastado manualmente con fuente externa
/amoladoras/dewalt/,paginas\03-amoladoras-dewalt.md,borrador,amoladora dewalt,Amoladoras DeWalt: modelos y cómo elegir,Qué amoladora DeWalt elegir según el uso,1.0,1.0,134,0,0,1,14,False,False,no realizada en este inventario,requiere lectura y contraste externo,Localizar y contrastar fuentes primarias por modelo; Revisar respuesta inicial y aportar conclusión original antes de publicar,No contrastado manualmente con fuente externa
/amoladoras/disco-de-corte/,paginas\16-disco-de-corte.md,borrador,disco de corte para amoladora,Disco de corte para amoladora: cuál elegir según el material,Cómo elegir un disco de corte para amoladora,1.0,1.0,113,0,0,1,5,False,False,no realizada en este inventario,requiere lectura y contraste externo,Localizar y contrastar fuentes primarias por modelo; Revisar respuesta inicial y aportar conclusión original antes de publicar,No contrastado manualmente con fuente externa
/amoladoras/disco-de-desbaste/,paginas\04-disco-de-desbaste.md,borrador,disco de desbaste,Disco de desbaste: cómo elegirlo para metal,"Discos de desbaste para metal: usos, medidas y elección",1.0,1.0,93,0,0,1,12,False,False,no realizada en este inventario,requiere lectura y contraste externo,Localizar y contrastar fuentes primarias por modelo; Revisar respuesta inicial y aportar conclusión original antes de publicar,No contrastado manualmente con fuente externa
/amoladoras/disco-diamantado-segmentado/,paginas\14-disco-diamantado-segmentado.md,borrador,disco diamantado segmentado,Disco diamantado segmentado: usos y cómo elegir,Disco diamantado segmentado: para qué sirve y cuándo elegirlo,1.0,1.0,128,0,0,1,14,False,False,no realizada en este inventario,requiere lectura y contraste externo,Localizar y contrastar fuentes primarias por modelo; Revisar respuesta inicial y aportar conclusión original antes de publicar,No contrastado manualmente con fuente externa
/amoladoras/disco-flap/,paginas\01-disco-flap.md,borrador,disco flap,Disco flap: para qué sirve y qué grano elegir,"Disco flap: cómo elegir grano, medida y abrasivo",1.0,1.0,100,0,0,1,18,False,False,no realizada en este inventario,requiere lectura y contraste externo,Localizar y contrastar fuentes primarias por modelo; Revisar respuesta inicial y aportar conclusión original antes de publicar,No contrastado manualmente con fuente externa
/amoladoras/discos-ceramica/,paginas\09-disco-para-cortar-ceramica.md,borrador,disco para cortar ceramica,Disco para cortar cerámica: cómo elegirlo,Qué disco elegir para cortar cerámica con amoladora,1.0,1.0,90,0,0,1,7,False,False,no realizada en este inventario,requiere lectura y contraste externo,Localizar y contrastar fuentes primarias por modelo; Revisar respuesta inicial y aportar conclusión original antes de publicar,No contrastado manualmente con fuente externa
/amoladoras/discos-vidrio/,paginas\24-disco-para-cortar-vidrio.md,borrador,disco para cortar vidrio,Disco para cortar vidrio: cuál elegir y qué comprobar,"Disco para cortar vidrio: tipos, compatibilidad y límites",1.0,1.0,68,2,2,1,7,False,False,no realizada en este inventario,requiere lectura y contraste externo,Comprobar que cada cifra cite la fuente y variante exactas; Revisar respuesta inicial y aportar conclusión original antes de publicar,No contrastado manualmente con fuente externa
/amoladoras/discos/,paginas\02-discos-para-amoladora.md,borrador,discos para amoladora,"Discos para amoladora: tipos, usos y compatibilidad",Discos para amoladora: cuál usar según el trabajo,1.0,1.0,104,0,0,1,11,False,False,no realizada en este inventario,requiere lectura y contraste externo,Localizar y contrastar fuentes primarias por modelo; Revisar respuesta inicial y aportar conclusión original antes de publicar,No contrastado manualmente con fuente externa
/amoladoras/dowen-pagio/,paginas\23-amoladoras-dowen-pagio.md,borrador,amoladora dowen pagio,Amoladoras Dowen Pagio: cómo elegir la de 900 W,Amoladoras Dowen Pagio: qué revisar en la 9993220.7,1.0,1.0,37,1,1,1,7,False,False,no realizada en este inventario,requiere lectura y contraste externo,Comprobar que cada cifra cite la fuente y variante exactas; Revisar respuesta inicial y aportar conclusión original antes de publicar,No contrastado manualmente con fuente externa
/amoladoras/gamma/,paginas\21-amoladoras-gamma.md,borrador,amoladora gamma,Amoladoras Gamma: modelos y qué revisar antes de comprar,Amoladoras Gamma: cómo elegir entre máquina y kit,1.0,1.0,55,1,1,1,6,False,False,no realizada en este inventario,requiere lectura y contraste externo,Comprobar que cada cifra cite la fuente y variante exactas; Revisar respuesta inicial y aportar conclusión original antes de publicar,No contrastado manualmente con fuente externa
/amoladoras/inalambricas/,paginas\08-amoladoras-inalambricas.md,borrador,amoladora inalambrica,Amoladoras inalámbricas: cómo elegir batería y modelo,Amoladoras inalámbricas: qué conviene comprar y qué incluye el kit,1.0,1.0,135,0,0,1,13,False,False,no realizada en este inventario,requiere lectura y contraste externo,Localizar y contrastar fuentes primarias por modelo; Revisar respuesta inicial y aportar conclusión original antes de publicar,No contrastado manualmente con fuente externa
/amoladoras/ingco/,paginas\17-amoladoras-ingco.md,borrador,amoladora ingco,Amoladoras Ingco: modelos con cable y a batería,Qué amoladora Ingco elegir según el uso,1.0,1.0,153,0,0,1,7,False,False,no realizada en este inventario,requiere lectura y contraste externo,Localizar y contrastar fuentes primarias por modelo; Revisar respuesta inicial y aportar conclusión original antes de publicar,No contrastado manualmente con fuente externa
/amoladoras/lusqtoff/,paginas\11-amoladoras-lusqtoff.md,borrador,amoladora lusqtoff,Amoladoras Lusqtoff: modelos y qué revisar,Amoladoras Lusqtoff: cómo comparar modelos con cable y batería,1.0,1.0,111,0,0,1,5,True,False,no realizada en este inventario,requiere lectura y contraste externo,"Localizar y contrastar fuentes primarias por modelo; Identificar muestra, fecha y enlaces de opiniones; retirar generalizaciones sin evidencia; Revisar respuesta inicial y aportar conclusión original antes de publicar",No contrastado manualmente con fuente externa
/amoladoras/makita/,paginas\07-amoladoras-makita.md,borrador,amoladora makita,Amoladoras Makita: modelos y diferencias,Qué amoladora Makita elegir: modelos y diferencias de uso,1.0,1.0,143,0,0,1,10,True,False,no realizada en este inventario,requiere lectura y contraste externo,"Localizar y contrastar fuentes primarias por modelo; Identificar muestra, fecha y enlaces de opiniones; retirar generalizaciones sin evidencia; Revisar respuesta inicial y aportar conclusión original antes de publicar",No contrastado manualmente con fuente externa
/amoladoras/recta/,paginas\05-amoladora-recta.md,borrador,amoladora recta,"Amoladora recta: eléctrica o neumática, cuál elegir",Amoladoras rectas: usos y diferencias entre eléctricas y neumáticas,1.0,1.0,104,0,0,1,7,False,False,no realizada en este inventario,requiere lectura y contraste externo,Localizar y contrastar fuentes primarias por modelo; Revisar respuesta inicial y aportar conclusión original antes de publicar,No contrastado manualmente con fuente externa
/amoladoras/skil-830w/,paginas\13-amoladora-skil-830w.md,borrador,amoladora skil 830w,Amoladora Skil de 830 W: qué revisar antes de comprar,Amoladora Skil de 830 W: prestaciones y diferencias frente a 700 W,0.67,0.67,139,0,0,1,11,False,False,no realizada en este inventario,requiere lectura y contraste externo,Revisar correspondencia keyword-title-H1 manualmente; Localizar y contrastar fuentes primarias por modelo; Revisar respuesta inicial y aportar conclusión original antes de publicar,No contrastado manualmente con fuente externa
/amoladoras/stanley/,paginas\15-amoladoras-stanley.md,borrador,amoladora stanley,Amoladoras Stanley: cómo elegir el modelo,"Amoladoras Stanley: modelos, usos y qué revisar antes de comprar",1.0,1.0,136,0,0,1,10,False,False,no realizada en este inventario,requiere lectura y contraste externo,Localizar y contrastar fuentes primarias por modelo; Revisar respuesta inicial y aportar conclusión original antes de publicar,No contrastado manualmente con fuente externa
/amoladoras/total/,paginas\22-amoladoras-total.md,borrador,amoladora total,Amoladoras Total: qué revisar en los modelos de 115 mm,Amoladoras Total: cómo elegir una de 115 mm,1.0,1.0,67,0,0,1,7,False,False,no realizada en este inventario,requiere lectura y contraste externo,Localizar y contrastar fuentes primarias por modelo; Revisar respuesta inicial y aportar conclusión original antes de publicar,No contrastado manualmente con fuente externa
/amoladoras/velocidad-variable/,paginas\18-amoladora-velocidad-variable.md,borrador,amoladora velocidad variable,Amoladora de velocidad variable: cuándo conviene,Amoladoras de velocidad variable: usos y modelos para comparar,1.0,1.0,124,0,0,1,0,False,False,no realizada en este inventario,requiere lectura y contraste externo,Localizar y contrastar fuentes primarias por modelo; Evaluar si una comparación estructurada aportaría a la intención; Revisar respuesta inicial y aportar conclusión original antes de publicar,No contrastado manualmente con fuente externa
/compresores/100-litros/,paginas\compresores\11-compresor-de-100-litros.md,borrador,compresor de 100 litros,Compresor de 100 litros: comparativa y guía de compra,Qué compresor de 100 litros elegir para tu taller,1.0,1.0,130,4,4,1,14,False,False,no realizada en este inventario,requiere lectura y contraste externo,Comprobar que cada cifra cite la fuente y variante exactas; Revisar respuesta inicial y aportar conclusión original antes de publicar,No contrastado manualmente con fuente externa
/compresores/12v-doble-piston/,paginas\compresores\23-compresor-12v-doble-piston.md,borrador,compresor 12v doble piston,"Compresor 12V doble pistón: caudal, conexión y cuál elegir",Compresor 12V doble pistón: guía para elegirlo,1.0,1.0,121,1,1,3,5,False,False,no realizada en este inventario,requiere lectura y contraste externo,Comprobar que cada cifra cite la fuente y variante exactas; Revisar respuesta inicial y aportar conclusión original antes de publicar,No contrastado manualmente con fuente externa
/compresores/200-litros/,paginas\compresores\16-compresor-de-200-litros.md,borrador,compresor de 200 litros,Compresor de 200 litros: cuál elegir para tu taller,Compresores de 200 litros: guía de compra para taller,1.0,0.67,112,4,3,1,12,False,False,no realizada en este inventario,requiere lectura y contraste externo,Revisar correspondencia keyword-title-H1 manualmente; Comprobar que cada cifra cite la fuente y variante exactas; Revisar respuesta inicial y aportar conclusión original antes de publicar,No contrastado manualmente con fuente externa
/compresores/24-litros/,paginas\compresores\18-compresor-de-24-litros.md,borrador,compresor de 24 litros,Compresor de 24 litros: para qué sirve y cuál elegir,Compresor de 24 litros: para qué sirve y cuál elegir,1.0,1.0,113,0,0,2,5,False,False,no realizada en este inventario,requiere lectura y contraste externo,Localizar y contrastar fuentes primarias por modelo; Revisar respuesta inicial y aportar conclusión original antes de publicar,No contrastado manualmente con fuente externa
/compresores/50-litros/,paginas\compresores\02-compresor-de-50-litros.md,publicada,compresor 50 litros,Compresor de 50 litros: comparativa y guía de compra,Compresores de 50 litros: cuál conviene según el uso,1.0,0.67,93,5,3,2,20,False,True,no realizada en este inventario,requiere lectura y contraste externo,Revisar correspondencia keyword-title-H1 manualmente; Comprobar que cada cifra cite la fuente y variante exactas; Revisar respuesta inicial y aportar conclusión original antes de publicar,Lectura manual: matriz documental y discrepancia Gamma explicita; falta validacion de SERP
/compresores/aceite/,paginas\compresores\08-aceite-para-compresor-de-aire.md,borrador,aceite para compresor de aire,Aceite para compresor de aire: cuál lleva y cómo elegir,Qué aceite lleva un compresor de aire,1.0,1.0,103,0,0,1,5,False,False,no realizada en este inventario,requiere lectura y contraste externo,Localizar y contrastar fuentes primarias por modelo; Revisar respuesta inicial y aportar conclusión original antes de publicar,No contrastado manualmente con fuente externa
/compresores/acoples-rapidos/,paginas\compresores\06-acople-rapido-para-compresor.md,borrador,acople rapido para compresor,"Acople rápido para compresor: perfiles, roscas y medidas","Acople rápido para compresor: perfiles, roscas y medidas",1.0,1.0,116,0,0,1,6,False,False,no realizada en este inventario,requiere lectura y contraste externo,Localizar y contrastar fuentes primarias por modelo; Revisar respuesta inicial y aportar conclusión original antes de publicar,No contrastado manualmente con fuente externa
/compresores/bta-25-litros/,paginas\compresores\17-compresor-bta-25-litros.md,borrador,compresor bta 25 litros,Compresor BTA de 25 litros: prestaciones y compra,Compresor BTA de 25 litros: para quién conviene,1.0,1.0,116,2,1,1,12,False,False,no realizada en este inventario,requiere lectura y contraste externo,Comprobar que cada cifra cite la fuente y variante exactas; Revisar respuesta inicial y aportar conclusión original antes de publicar,No contrastado manualmente con fuente externa
/compresores/filtros/,paginas\compresores\10-filtro-de-aire-para-compresor.md,borrador,filtro de aire para compresor,Filtro de aire para compresor: cómo elegir el repuesto,Filtro de aire para compresor: cómo elegir el repuesto,1.0,1.0,114,0,0,1,7,False,False,no realizada en este inventario,requiere lectura y contraste externo,Localizar y contrastar fuentes primarias por modelo; Revisar respuesta inicial y aportar conclusión original antes de publicar,No contrastado manualmente con fuente externa
/compresores/gamma-50-litros/,paginas\compresores\12-compresor-gamma-50-litros.md,borrador,compresor gamma 50 litros,Compresor Gamma de 50 litros: modelos y prestaciones,Compresor Gamma de 50 litros: guía de compra,1.0,1.0,127,2,1,1,12,False,False,no realizada en este inventario,requiere lectura y contraste externo,Comprobar que cada cifra cite la fuente y variante exactas; Revisar respuesta inicial y aportar conclusión original antes de publicar,No contrastado manualmente con fuente externa
/compresores/inalambricos/,paginas\compresores\19-compresor-inalambrico.md,borrador,compresor inalambrico,Compresor inalámbrico: autonomía y guía de compra,Cómo elegir un compresor inalámbrico a batería,1.0,1.0,109,0,0,4,4,False,False,no realizada en este inventario,requiere lectura y contraste externo,Localizar y contrastar fuentes primarias por modelo; Revisar respuesta inicial y aportar conclusión original antes de publicar,No contrastado manualmente con fuente externa
/compresores/inflador-neumaticos-portatil/,paginas\compresores\22-inflador-de-neumaticos-portatil.md,borrador,inflador de neumáticos portátil,"Inflador de neumáticos portátil: cómo elegir uno para auto, moto o bicicleta",Inflador de neumáticos portátil: cuál conviene según el uso,1.0,1.0,115,2,2,7,5,False,False,no realizada en este inventario,requiere lectura y contraste externo,Comprobar que cada cifra cite la fuente y variante exactas; Revisar respuesta inicial y aportar conclusión original antes de publicar,No contrastado manualmente con fuente externa
/compresores/kits-accesorios/,paginas\compresores\13-kit-para-compresor-de-aire.md,borrador,kit para compresor de aire,Kit para compresor de aire: accesorios que convienen,Qué kit de accesorios comprar para un compresor,1.0,0.67,109,0,0,2,6,False,False,no realizada en este inventario,requiere lectura y contraste externo,Revisar correspondencia keyword-title-H1 manualmente; Localizar y contrastar fuentes primarias por modelo; Revisar respuesta inicial y aportar conclusión original antes de publicar,No contrastado manualmente con fuente externa
/compresores/kits-aerografo/,paginas\compresores\04-aerografo-con-compresor.md,borrador,aerografo con compresor,Aerógrafo con compresor: qué kit comprar para empezar,Kits de aerógrafo con compresor: guía para principiantes,1.0,1.0,112,0,0,1,6,False,False,no realizada en este inventario,requiere lectura y contraste externo,Localizar y contrastar fuentes primarias por modelo; Revisar respuesta inicial y aportar conclusión original antes de publicar,No contrastado manualmente con fuente externa
/compresores/lusqtoff-100-litros/,paginas\compresores\14-compresor-lusqtoff-100-litros.md,borrador,compresor lusqtoff 100 litros,Compresor Lusqtoff de 100 litros: guía de compra,Compresor Lusqtoff de 100 litros: prestaciones y usos,1.0,1.0,127,3,1,1,13,False,False,no realizada en este inventario,requiere lectura y contraste externo,Comprobar que cada cifra cite la fuente y variante exactas; Revisar respuesta inicial y aportar conclusión original antes de publicar,No contrastado manualmente con fuente externa
/compresores/lusqtoff-50-litros/,paginas\compresores\09-compresor-lusqtoff-50-litros.md,borrador,compresor lusqtoff 50 litros,Compresor Lusqtoff de 50 litros: modelos y compra,Compresor Lusqtoff de 50 litros: cuál elegir,1.0,1.0,125,3,1,2,5,False,False,no realizada en este inventario,requiere lectura y contraste externo,Comprobar que cada cifra cite la fuente y variante exactas; Revisar respuesta inicial y aportar conclusión original antes de publicar,"Contraste manual: LC-2050BK oficial 2,5 HP; borrador indica LC-2050 2 HP y caudal util sin fuente"
/compresores/manguera/,paginas\compresores\03-manguera-para-compresor-de-aire.md,borrador,manguera para compresor de aire,Manguera para compresor de aire: medidas y materiales,Cómo elegir una manguera para compresor de aire,1.0,1.0,111,0,0,2,6,False,False,no realizada en este inventario,requiere lectura y contraste externo,Localizar y contrastar fuentes primarias por modelo; Revisar respuesta inicial y aportar conclusión original antes de publicar,No contrastado manualmente con fuente externa
/compresores/para-aerografo/,paginas\compresores\07-compresor-para-aerografo.md,borrador,compresor para aerografo,Compresor para aerógrafo: cómo elegir el adecuado,Qué compresor comprar para tu aerógrafo,1.0,1.0,136,0,0,1,7,False,False,no realizada en este inventario,requiere lectura y contraste externo,Localizar y contrastar fuentes primarias por modelo; Revisar respuesta inicial y aportar conclusión original antes de publicar,No contrastado manualmente con fuente externa
/compresores/para-auto/,paginas\compresores\01-compresor-de-aire-para-auto.md,borrador,compresor de aire para auto,Compresor de aire para auto: cuál elegir,Compresor de aire para auto: cuál elegir,1.0,1.0,132,0,0,4,7,False,False,no realizada en este inventario,requiere lectura y contraste externo,Localizar y contrastar fuentes primarias por modelo; Revisar respuesta inicial y aportar conclusión original antes de publicar,No contrastado manualmente con fuente externa
/compresores/para-pintar/,paginas\compresores\21-compresor-para-pintar.md,borrador,compresor para pintar,"Compresor para pintar: caudal, capacidad y cuál elegir",Qué compresor elegir para pintar,1.0,1.0,182,6,3,1,14,False,False,no realizada en este inventario,requiere lectura y contraste externo,Comprobar que cada cifra cite la fuente y variante exactas; Revisar respuesta inicial y aportar conclusión original antes de publicar,No contrastado manualmente con fuente externa
/compresores/pistola-para-pintar/,paginas\compresores\05-pistola-para-pintar-con-compresor.md,borrador,pistola para pintar con compresor,Pistola para pintar con compresor: cuál elegir,Cómo elegir una pistola para pintar con compresor,1.0,1.0,118,0,0,2,5,False,False,no realizada en este inventario,requiere lectura y contraste externo,Localizar y contrastar fuentes primarias por modelo; Revisar respuesta inicial y aportar conclusión original antes de publicar,No contrastado manualmente con fuente externa
/compresores/sin-aceite/,paginas\compresores\15-compresor-sin-aceite.md,borrador,compresor sin aceite,Compresor sin aceite: ventajas y cuál comprar,Compresores sin aceite: cuándo convienen,1.0,0.67,107,0,0,1,5,False,False,no realizada en este inventario,requiere lectura y contraste externo,Revisar correspondencia keyword-title-H1 manualmente; Localizar y contrastar fuentes primarias por modelo; Revisar respuesta inicial y aportar conclusión original antes de publicar,No contrastado manualmente con fuente externa
/compresores/stanley/,paginas\compresores\20-compresor-stanley.md,borrador,compresor stanley,Compresor Stanley: modelos y cuál elegir,Compresores Stanley: comparativa y guía de compra,1.0,0.5,122,5,1,1,12,False,False,no realizada en este inventario,requiere lectura y contraste externo,Revisar correspondencia keyword-title-H1 manualmente; Comprobar que cada cifra cite la fuente y variante exactas; Revisar respuesta inicial y aportar conclusión original antes de publicar,No contrastado manualmente con fuente externa
/generadores/a-gas/,paginas\generadores\19-generadores-a-gas.md,borrador,generador electrico a gas,Generador eléctrico a gas: tipos y cómo elegir,Generadores a gas: opciones para respaldo eléctrico,1.0,0.67,177,0,0,1,10,False,False,no realizada en este inventario,requiere lectura y contraste externo,Revisar correspondencia keyword-title-H1 manualmente; Localizar y contrastar fuentes primarias por modelo; Revisar respuesta inicial y aportar conclusión original antes de publicar,No contrastado manualmente con fuente externa
/generadores/a-nafta/,paginas\generadores\08-generadores-a-nafta.md,borrador,generador a nafta,"Generador a nafta: consumo, autonomía y modelos",Generadores a nafta: cuál conviene comprar,1.0,0.5,182,0,0,2,21,False,False,no realizada en este inventario,requiere lectura y contraste externo,Revisar correspondencia keyword-title-H1 manualmente; Localizar y contrastar fuentes primarias por modelo; Revisar respuesta inicial y aportar conclusión original antes de publicar,No contrastado manualmente con fuente externa
/generadores/chicos/,paginas\generadores\21-grupos-electrogenos-chicos.md,borrador,grupo electrógeno chico,Grupo electrógeno chico: Pektra 720 W y Konan 800 W,Grupos electrógenos chicos: Pektra 720 W y Konan 800 W,1.0,1.0,118,1,1,3,4,False,False,no realizada en este inventario,requiere lectura y contraste externo,Comprobar que cada cifra cite la fuente y variante exactas; Revisar respuesta inicial y aportar conclusión original antes de publicar,No contrastado manualmente con fuente externa
/generadores/comparativa-general/,paginas\generadores\01-grupos-electrogenos.md,borrador,grupos electrógenos,Grupos electrógenos: cómo elegir y comparar modelos,Grupos electrógenos: guía para elegir el adecuado,1.0,1.0,197,0,0,0,12,False,False,no realizada en este inventario,requiere lectura y contraste externo,Localizar y contrastar fuentes primarias por modelo; Revisar respuesta inicial y aportar conclusión original antes de publicar,No contrastado manualmente con fuente externa
/generadores/diesel/,paginas\generadores\14-generadores-diesel.md,borrador,generador diesel,"Generador diésel: consumo, ventajas y modelos",Cómo elegir un generador diésel,1.0,1.0,179,0,0,1,11,False,False,no realizada en este inventario,requiere lectura y contraste externo,Localizar y contrastar fuentes primarias por modelo; Revisar respuesta inicial y aportar conclusión original antes de publicar,No contrastado manualmente con fuente externa
/generadores/estacion-de-energia-portatil/,paginas\generadores\20-estaciones-de-energia-portatiles.md,borrador,estacion de energia portatil,Estación de energía portátil: capacidad y autonomía,Cómo elegir una estación de energía portátil,1.0,1.0,239,0,0,1,15,False,False,no realizada en este inventario,requiere lectura y contraste externo,Localizar y contrastar fuentes primarias por modelo; Revisar respuesta inicial y aportar conclusión original antes de publicar,No contrastado manualmente con fuente externa
/generadores/gamma-6500/,paginas\generadores\10-gamma-6500.md,borrador,gamma 6500,Grupo electrógeno Gamma 6500: guía de compra,"Gamma 6500: versiones, potencia y usos",1.0,1.0,195,0,0,1,13,False,False,no realizada en este inventario,requiere lectura y contraste externo,Localizar y contrastar fuentes primarias por modelo; Revisar respuesta inicial y aportar conclusión original antes de publicar,No contrastado manualmente con fuente externa
/generadores/gamma-950/,paginas\generadores\17-gamma-950.md,borrador,gamma 950,Generador Gamma 950: qué puede alimentar,"Gamma 950: potencia, consumo y limitaciones",1.0,1.0,160,1,1,0,15,True,False,no realizada en este inventario,requiere lectura y contraste externo,"Comprobar que cada cifra cite la fuente y variante exactas; Identificar muestra, fecha y enlaces de opiniones; retirar generalizaciones sin evidencia; Revisar respuesta inicial y aportar conclusión original antes de publicar",No contrastado manualmente con fuente externa
/generadores/gamma/,paginas\generadores\12-generadores-gamma.md,borrador,generador gamma,Generadores Gamma: comparativa de modelos y precios,Qué generador Gamma comprar según el uso,0.5,1.0,185,0,0,1,15,False,False,no realizada en este inventario,requiere lectura y contraste externo,Revisar correspondencia keyword-title-H1 manualmente; Localizar y contrastar fuentes primarias por modelo; Revisar respuesta inicial y aportar conclusión original antes de publicar,No contrastado manualmente con fuente externa
/generadores/honda-6500/,paginas\generadores\04-honda-6500.md,borrador,honda 6500,Grupo electrógeno Honda 6500: potencia y precio,Honda 6500: qué puede alimentar y qué revisar al comprar,1.0,1.0,170,0,0,1,19,False,False,no realizada en este inventario,requiere lectura y contraste externo,Localizar y contrastar fuentes primarias por modelo; Revisar respuesta inicial y aportar conclusión original antes de publicar,No contrastado manualmente con fuente externa
/generadores/honda/,paginas\generadores\03-grupos-electrogenos-honda.md,borrador,grupos electrogenos honda,Grupos electrógenos Honda: modelos y diferencias,Qué grupo electrógeno Honda elegir,1.0,1.0,185,0,0,1,18,False,False,no realizada en este inventario,requiere lectura y contraste externo,Localizar y contrastar fuentes primarias por modelo; Revisar respuesta inicial y aportar conclusión original antes de publicar,No contrastado manualmente con fuente externa
/generadores/hyundai/,paginas\generadores\09-generadores-hyundai.md,borrador,generador hyundai,"Generadores Hyundai: modelos, potencia y precios",Qué generador Hyundai elegir según tu consumo,0.5,1.0,173,0,0,1,13,False,False,no realizada en este inventario,requiere lectura y contraste externo,Revisar correspondencia keyword-title-H1 manualmente; Localizar y contrastar fuentes primarias por modelo; Revisar respuesta inicial y aportar conclusión original antes de publicar,No contrastado manualmente con fuente externa
/generadores/inverter/,paginas\generadores\06-generadores-inverter.md,borrador,generador inverter,Generador inverter: qué es y cuál elegir,Generadores inverter: cómo funcionan y cuál comprar,1.0,0.5,174,0,0,1,27,False,False,no realizada en este inventario,requiere lectura y contraste externo,Revisar correspondencia keyword-title-H1 manualmente; Localizar y contrastar fuentes primarias por modelo; Revisar respuesta inicial y aportar conclusión original antes de publicar,No contrastado manualmente con fuente externa
/generadores/lusqtoff/,paginas\generadores\11-generadores-lusqtoff.md,borrador,generadores lusqtoff,Generadores Lusqtoff: modelos y qué revisar,Generadores Lusqtoff: cuál elegir,1.0,1.0,191,0,0,1,9,True,False,no realizada en este inventario,requiere lectura y contraste externo,"Localizar y contrastar fuentes primarias por modelo; Identificar muestra, fecha y enlaces de opiniones; retirar generalizaciones sin evidencia; Revisar respuesta inicial y aportar conclusión original antes de publicar",No contrastado manualmente con fuente externa
/generadores/monofasicos/,paginas\generadores\13-grupos-electrogenos-monofasicos.md,borrador,grupos electrogenos monofasicos,Grupo electrógeno monofásico: cómo elegir,Grupos electrógenos monofásicos: potencia y usos,1.0,1.0,171,0,0,1,16,False,False,no realizada en este inventario,requiere lectura y contraste externo,Localizar y contrastar fuentes primarias por modelo; Revisar respuesta inicial y aportar conclusión original antes de publicar,No contrastado manualmente con fuente externa
/generadores/niwa/,paginas\generadores\18-generadores-niwa.md,borrador,generadores niwa,"Generadores Niwa: modelos, diferencias y precios",Qué generador Niwa elegir,1.0,0.5,197,0,0,1,20,False,False,no realizada en este inventario,requiere lectura y contraste externo,Revisar correspondencia keyword-title-H1 manualmente; Localizar y contrastar fuentes primarias por modelo; Revisar respuesta inicial y aportar conclusión original antes de publicar,No contrastado manualmente con fuente externa
/generadores/para-casa/,paginas\generadores\05-generador-para-casa.md,borrador,generador electrico para casa,Generador eléctrico para casa: qué potencia necesitás,Cómo elegir un generador eléctrico para tu casa,1.0,1.0,203,0,0,0,13,False,False,no realizada en este inventario,requiere lectura y contraste externo,Localizar y contrastar fuentes primarias por modelo; Revisar respuesta inicial y aportar conclusión original antes de publicar,No contrastado manualmente con fuente externa
/generadores/portatiles/,paginas\generadores\15-generadores-portatiles.md,borrador,generador portatil,Generador portátil: cuál elegir según el uso,"Generadores portátiles para camping, viajes y trabajo",1.0,0.0,198,0,0,2,16,False,False,no realizada en este inventario,requiere lectura y contraste externo,Revisar correspondencia keyword-title-H1 manualmente; Localizar y contrastar fuentes primarias por modelo; Revisar respuesta inicial y aportar conclusión original antes de publicar,No contrastado manualmente con fuente externa
/generadores/precios/,paginas\generadores\02-precios-de-grupos-electrogenos.md,borrador,precios grupos electrogenos,Grupo electrógeno: precios de modelos y cómo comparar,Cuánto cuesta un grupo electrógeno en Argentina,1.0,0.67,139,5,5,6,8,False,False,no realizada en este inventario,requiere lectura y contraste externo,Revisar correspondencia keyword-title-H1 manualmente; Comprobar que cada cifra cite la fuente y variante exactas; Revisar respuesta inicial y aportar conclusión original antes de publicar,No contrastado manualmente con fuente externa
/generadores/silenciosos/,paginas\generadores\16-generadores-silenciosos.md,borrador,generador silencioso,Generador silencioso: cómo comparar ruido y potencia,Cómo elegir un generador eléctrico silencioso,1.0,1.0,208,0,0,1,11,False,False,no realizada en este inventario,requiere lectura y contraste externo,Localizar y contrastar fuentes primarias por modelo; Revisar respuesta inicial y aportar conclusión original antes de publicar,No contrastado manualmente con fuente externa
/generadores/trifasicos/,paginas\generadores\07-generadores-trifasicos.md,borrador,generador trifasico,"Generador trifásico: potencia, usos y cómo elegir",Cómo elegir un generador trifásico,1.0,1.0,180,0,0,1,7,False,False,no realizada en este inventario,requiere lectura y contraste externo,Localizar y contrastar fuentes primarias por modelo; Revisar respuesta inicial y aportar conclusión original antes de publicar,No contrastado manualmente con fuente externa
/hidrolavadoras/150-bar/,paginas\hidrolavadoras\18-hidrolavadora-150-bar.md,borrador,hidrolavadora 150 bar,Hidrolavadoras de 150 bar: comparativa y cómo elegir,Qué hidrolavadora de 150 bar comprar,1.0,1.0,185,0,0,2,11,False,False,no realizada en este inventario,requiere lectura y contraste externo,Localizar y contrastar fuentes primarias por modelo; Revisar respuesta inicial y aportar conclusión original antes de publicar,No contrastado manualmente con fuente externa
/hidrolavadoras/200-bar/,paginas\hidrolavadoras\19-hidrolavadora-200-bar.md,borrador,hidrolavadora 200 bar,Hidrolavadoras de 200 bar: cuándo convienen,Cómo elegir una hidrolavadora de 200 bar,1.0,1.0,201,0,0,1,4,False,False,no realizada en este inventario,requiere lectura y contraste externo,Localizar y contrastar fuentes primarias por modelo; Revisar respuesta inicial y aportar conclusión original antes de publicar,No contrastado manualmente con fuente externa
/hidrolavadoras/black-decker/,paginas\hidrolavadoras\07-hidrolavadoras-black-decker.md,borrador,hidrolavadora black decker,Hidrolavadoras Black+Decker: cuál conviene comprar,Qué hidrolavadora Black+Decker elegir,1.0,1.0,154,0,0,1,7,False,False,no realizada en este inventario,requiere lectura y contraste externo,Localizar y contrastar fuentes primarias por modelo; Revisar respuesta inicial y aportar conclusión original antes de publicar,No contrastado manualmente con fuente externa
/hidrolavadoras/bosch/,paginas\hidrolavadoras\06-hidrolavadoras-bosch.md,borrador,hidrolavadora bosch,Hidrolavadoras Bosch: comparativa y guía de compra,Qué hidrolavadora Bosch elegir para casa y auto,1.0,1.0,181,0,0,1,5,False,False,no realizada en este inventario,requiere lectura y contraste externo,Localizar y contrastar fuentes primarias por modelo; Revisar respuesta inicial y aportar conclusión original antes de publicar,No contrastado manualmente con fuente externa
/hidrolavadoras/comparativa-general/,paginas\hidrolavadoras\01-hidrolavadoras.md,borrador,hidrolavadora,Hidrolavadoras: cuál comprar según uso y presupuesto,Cómo elegir una hidrolavadora para tu casa o trabajo,1.0,1.0,209,0,0,6,15,False,False,no realizada en este inventario,requiere lectura y contraste externo,Localizar y contrastar fuentes primarias por modelo; Revisar respuesta inicial y aportar conclusión original antes de publicar,No contrastado manualmente con fuente externa
/hidrolavadoras/einhell/,paginas\hidrolavadoras\13-hidrolavadoras-einhell.md,borrador,hidrolavadora einhell,Hidrolavadoras Einhell: modelos y guía de compra,Qué hidrolavadora Einhell comprar,1.0,1.0,174,0,0,1,6,False,False,no realizada en este inventario,requiere lectura y contraste externo,Localizar y contrastar fuentes primarias por modelo; Revisar respuesta inicial y aportar conclusión original antes de publicar,No contrastado manualmente con fuente externa
/hidrolavadoras/gamma-130/,paginas\hidrolavadoras\14-hidrolavadora-gamma-130.md,borrador,hidrolavadora gamma 130,Gamma 130: prestaciones y diferencias con Gamma 150,Hidrolavadora Gamma 130: guía para elegirla,0.67,1.0,165,0,0,1,23,False,False,no realizada en este inventario,requiere lectura y contraste externo,Revisar correspondencia keyword-title-H1 manualmente; Localizar y contrastar fuentes primarias por modelo; Revisar respuesta inicial y aportar conclusión original antes de publicar,No contrastado manualmente con fuente externa
/hidrolavadoras/gamma-150/,paginas\hidrolavadoras\10-hidrolavadora-gamma-150.md,borrador,hidrolavadora gamma 150,"Gamma 150: características, uso y guía de compra",Hidrolavadora Gamma 150: qué revisar antes de comprar,0.67,1.0,163,0,0,1,9,False,False,no realizada en este inventario,requiere lectura y contraste externo,Revisar correspondencia keyword-title-H1 manualmente; Localizar y contrastar fuentes primarias por modelo; Revisar respuesta inicial y aportar conclusión original antes de publicar,No contrastado manualmente con fuente externa
/hidrolavadoras/gamma/,paginas\hidrolavadoras\04-hidrolavadoras-gamma.md,borrador,hidrolavadora gamma,Hidrolavadoras Gamma: comparativa de modelos y precios,Qué hidrolavadora Gamma comprar,1.0,1.0,199,0,0,1,6,True,False,no realizada en este inventario,requiere lectura y contraste externo,"Localizar y contrastar fuentes primarias por modelo; Identificar muestra, fecha y enlaces de opiniones; retirar generalizaciones sin evidencia; Revisar respuesta inicial y aportar conclusión original antes de publicar",No contrastado manualmente con fuente externa
/hidrolavadoras/hidrolavadora-para-aire-acondicionado/,paginas\hidrolavadoras\23-hidrolavadora-para-aire-acondicionado.md,borrador,hidrolavadora para aire acondicionado,Hidrolavadora para aire acondicionado: qué revisar,Cómo elegir una hidrolavadora para aire acondicionado,1.0,1.0,50,0,0,1,0,False,False,no realizada en este inventario,requiere lectura y contraste externo,Localizar y contrastar fuentes primarias por modelo; Evaluar si una comparación estructurada aportaría a la intención; Revisar respuesta inicial y aportar conclusión original antes de publicar,No contrastado manualmente con fuente externa
/hidrolavadoras/hyundai/,paginas\hidrolavadoras\15-hidrolavadoras-hyundai.md,borrador,hidrolavadora hyundai,Hidrolavadoras Hyundai: modelos y cuál comprar,Qué hidrolavadora Hyundai elegir,1.0,1.0,193,0,0,1,13,False,False,no realizada en este inventario,requiere lectura y contraste externo,Localizar y contrastar fuentes primarias por modelo; Revisar respuesta inicial y aportar conclusión original antes de publicar,No contrastado manualmente con fuente externa
/hidrolavadoras/inalambricas/,paginas\hidrolavadoras\02-hidrolavadora-inalambrica.md,borrador,hidrolavadora inalambrica,Hidrolavadora inalámbrica: comparativa y guía de compra,Qué hidrolavadora inalámbrica comprar y para qué sirve,1.0,1.0,157,0,0,3,8,False,False,no realizada en este inventario,requiere lectura y contraste externo,Localizar y contrastar fuentes primarias por modelo; Revisar respuesta inicial y aportar conclusión original antes de publicar,No contrastado manualmente con fuente externa
/hidrolavadoras/karcher-k2/,paginas\hidrolavadoras\08-hidrolavadora-karcher-k2.md,borrador,hidrolavadora karcher k2,"Kärcher K2: versiones, prestaciones y guía de compra",Hidrolavadora Kärcher K2: cuál elegir y para qué sirve,0.67,1.0,191,0,0,1,15,False,False,no realizada en este inventario,requiere lectura y contraste externo,Revisar correspondencia keyword-title-H1 manualmente; Localizar y contrastar fuentes primarias por modelo; Revisar respuesta inicial y aportar conclusión original antes de publicar,No contrastado manualmente con fuente externa
/hidrolavadoras/karcher-k3/,paginas\hidrolavadoras\12-hidrolavadora-karcher-k3.md,borrador,hidrolavadora karcher k3,Kärcher K3: versiones y diferencias con K2 y K4,Hidrolavadora Kärcher K3: cuándo conviene elegirla,0.67,1.0,162,0,0,1,15,False,False,no realizada en este inventario,requiere lectura y contraste externo,Revisar correspondencia keyword-title-H1 manualmente; Localizar y contrastar fuentes primarias por modelo; Revisar respuesta inicial y aportar conclusión original antes de publicar,No contrastado manualmente con fuente externa
/hidrolavadoras/karcher-k4/,paginas\hidrolavadoras\17-hidrolavadora-karcher-k4.md,borrador,hidrolavadora karcher k4,Kärcher K4: versiones y diferencias con K3 y K5,Hidrolavadora Kärcher K4: guía de compra,0.67,1.0,180,0,0,1,15,False,False,no realizada en este inventario,requiere lectura y contraste externo,Revisar correspondencia keyword-title-H1 manualmente; Localizar y contrastar fuentes primarias por modelo; Revisar respuesta inicial y aportar conclusión original antes de publicar,No contrastado manualmente con fuente externa
/hidrolavadoras/karcher-k5/,paginas\hidrolavadoras\09-hidrolavadora-karcher-k5.md,borrador,hidrolavadora karcher k5,Kärcher K5: prestaciones y cuándo conviene comprarla,Hidrolavadora Kärcher K5: guía de compra,0.67,1.0,160,0,0,1,14,False,False,no realizada en este inventario,requiere lectura y contraste externo,Revisar correspondencia keyword-title-H1 manualmente; Localizar y contrastar fuentes primarias por modelo; Revisar respuesta inicial y aportar conclusión original antes de publicar,No contrastado manualmente con fuente externa
/hidrolavadoras/karcher/,paginas\hidrolavadoras\21-hidrolavadoras-karcher.md,borrador,hidrolavadora karcher,Hidrolavadoras Kärcher: modelos K2 a K5 y cuál comprar,Qué hidrolavadora Kärcher comprar: comparativa de modelos K2 a K5,1.0,1.0,259,0,0,1,6,False,False,no realizada en este inventario,requiere lectura y contraste externo,Localizar y contrastar fuentes primarias por modelo; Revisar respuesta inicial y aportar conclusión original antes de publicar,No contrastado manualmente con fuente externa
/hidrolavadoras/lusqtoff-hl-120/,paginas\hidrolavadoras\16-hidrolavadora-lusqtoff-hl-120.md,borrador,hidrolavadora lusqtoff hl 120,Lusqtoff HL 120: prestaciones y guía de compra,Hidrolavadora Lusqtoff HL 120: para quién conviene,0.75,1.0,176,0,0,1,23,True,False,no realizada en este inventario,requiere lectura y contraste externo,"Revisar correspondencia keyword-title-H1 manualmente; Localizar y contrastar fuentes primarias por modelo; Identificar muestra, fecha y enlaces de opiniones; retirar generalizaciones sin evidencia; Revisar respuesta inicial y aportar conclusión original antes de publicar",Contraste manual: ficha oficial indica 105 bar maximos; borrador 100 bar y afirma patrones de miles de compradores sin muestra
/hidrolavadoras/lusqtoff/,paginas\hidrolavadoras\03-hidrolavadoras-lusqtoff.md,borrador,hidrolavadora lusqtoff,Hidrolavadoras Lusqtoff: modelos y cuál elegir,Qué hidrolavadora Lusqtoff elegir según el uso,1.0,1.0,200,0,0,2,7,False,False,no realizada en este inventario,requiere lectura y contraste externo,Localizar y contrastar fuentes primarias por modelo; Revisar respuesta inicial y aportar conclusión original antes de publicar,No contrastado manualmente con fuente externa
/hidrolavadoras/niwa/,paginas\hidrolavadoras\20-hidrolavadoras-niwa.md,borrador,hidrolavadora niwa,"Hidrolavadoras Niwa: modelos, opiniones y compra",Qué hidrolavadora Niwa elegir y qué revisar,1.0,1.0,183,0,0,1,7,True,False,no realizada en este inventario,requiere lectura y contraste externo,"Localizar y contrastar fuentes primarias por modelo; Identificar muestra, fecha y enlaces de opiniones; retirar generalizaciones sin evidencia; Revisar respuesta inicial y aportar conclusión original antes de publicar",No contrastado manualmente con fuente externa
/hidrolavadoras/para-autos/,paginas\hidrolavadoras\22-hidrolavadoras-para-autos.md,borrador,hidrolavadora para autos,Hidrolavadoras para autos: equipos y combos para elegir,Qué hidrolavadora comprar para lavar el auto,1.0,1.0,63,0,0,4,6,False,False,no realizada en este inventario,requiere lectura y contraste externo,Localizar y contrastar fuentes primarias por modelo; Revisar respuesta inicial y aportar conclusión original antes de publicar,Lectura manual: buena intencion inicial; tabla de avisos sin modelos exactos ni fuentes oficiales
/hidrolavadoras/profesionales/,paginas\hidrolavadoras\11-hidrolavadora-profesional.md,borrador,hidrolavadora profesional,Hidrolavadora profesional: cómo elegir para trabajar,Qué hidrolavadora profesional comprar para trabajar,1.0,1.0,172,0,0,1,8,False,False,no realizada en este inventario,requiere lectura y contraste externo,Localizar y contrastar fuentes primarias por modelo; Revisar respuesta inicial y aportar conclusión original antes de publicar,No contrastado manualmente con fuente externa
/hidrolavadoras/stihl/,paginas\hidrolavadoras\05-hidrolavadoras-stihl.md,borrador,hidrolavadora stihl,"Hidrolavadoras Stihl: modelos, diferencias y precios",Cómo elegir una hidrolavadora Stihl,1.0,1.0,201,0,0,1,14,False,False,no realizada en este inventario,requiere lectura y contraste externo,Localizar y contrastar fuentes primarias por modelo; Revisar respuesta inicial y aportar conclusión original antes de publicar,No contrastado manualmente con fuente externa
/sierras/bosch-gks-150/,paginas\sierras\16-sierra-circular-bosch-gks-150.md,borrador,bosch gks 150,Bosch GKS 150: características y cuándo conviene,Sierra circular Bosch GKS 150: guía antes de comprar,1.0,1.0,234,1,1,1,10,False,False,no realizada en este inventario,requiere lectura y contraste externo,Comprobar que cada cifra cite la fuente y variante exactas; Revisar respuesta inicial y aportar conclusión original antes de publicar,No contrastado manualmente con fuente externa
/sierras/caladoras-black-decker/,paginas\sierras\25-caladoras-black-decker.md,borrador,sierra caladora black decker,Caladoras Black+Decker: BES603 y qué modelo elegir,Sierra caladora Black+Decker: cómo elegir entre modelos,0.75,1.0,108,2,1,1,7,False,False,no realizada en este inventario,requiere lectura y contraste externo,Revisar correspondencia keyword-title-H1 manualmente; Comprobar que cada cifra cite la fuente y variante exactas; Revisar respuesta inicial y aportar conclusión original antes de publicar,No contrastado manualmente con fuente externa
/sierras/caladoras-einhell/,paginas\sierras\18-caladora-einhell.md,borrador,caladora einhell,Caladora Einhell: modelos con cable y a batería,Qué caladora Einhell elegir,1.0,1.0,222,0,0,1,9,False,False,no realizada en este inventario,requiere lectura y contraste externo,Localizar y contrastar fuentes primarias por modelo; Revisar respuesta inicial y aportar conclusión original antes de publicar,No contrastado manualmente con fuente externa
/sierras/caladoras-skil/,paginas\sierras\10-caladora-skil.md,borrador,caladora skil,"Caladora Skil: modelos, diferencias y cuál elegir",Cómo elegir una caladora Skil,1.0,1.0,216,0,0,1,10,False,False,no realizada en este inventario,requiere lectura y contraste externo,Localizar y contrastar fuentes primarias por modelo; Revisar respuesta inicial y aportar conclusión original antes de publicar,No contrastado manualmente con fuente externa
/sierras/caladoras/,paginas\sierras\04-sierra-caladora.md,borrador,sierra caladora,Sierra caladora: cómo elegir y qué modelos comparar,Cómo elegir una sierra caladora para madera y metal,1.0,1.0,219,0,0,8,17,False,False,no realizada en este inventario,requiere lectura y contraste externo,Localizar y contrastar fuentes primarias por modelo; Revisar respuesta inicial y aportar conclusión original antes de publicar,No contrastado manualmente con fuente externa
/sierras/circulares-black-decker/,paginas\sierras\17-sierra-circular-black-and-decker.md,borrador,sierra circular black and decker,Sierra circular Black+Decker: qué modelo elegir,Cómo elegir una sierra circular Black+Decker,0.8,0.8,215,0,0,1,8,False,False,no realizada en este inventario,requiere lectura y contraste externo,Revisar correspondencia keyword-title-H1 manualmente; Localizar y contrastar fuentes primarias por modelo; Revisar respuesta inicial y aportar conclusión original antes de publicar,No contrastado manualmente con fuente externa
/sierras/circulares-lusqtoff/,paginas\sierras\20-sierra-circular-lusqtoff.md,borrador,sierra circular lusqtoff,Sierra circular Lusqtoff: modelos y guía de compra,Qué sierra circular Lusqtoff elegir,1.0,1.0,233,0,0,1,9,False,False,no realizada en este inventario,requiere lectura y contraste externo,Localizar y contrastar fuentes primarias por modelo; Revisar respuesta inicial y aportar conclusión original antes de publicar,No contrastado manualmente con fuente externa
/sierras/circulares/,paginas\sierras\01-sierra-circular.md,borrador,sierra circular,Sierra circular: cuál elegir según uso y presupuesto,Cómo elegir una sierra circular para tus trabajos,1.0,1.0,239,0,0,1,7,False,False,no realizada en este inventario,requiere lectura y contraste externo,Localizar y contrastar fuentes primarias por modelo; Revisar respuesta inicial y aportar conclusión original antes de publicar,No contrastado manualmente con fuente externa
/sierras/de-banco-einhell/,paginas\sierras\09-sierra-de-banco-einhell.md,borrador,sierra de banco einhell,Sierra de banco Einhell: comparativa y guía de compra,Qué sierra de banco Einhell elegir para tu taller,1.0,1.0,210,0,0,1,8,False,False,no realizada en este inventario,requiere lectura y contraste externo,Localizar y contrastar fuentes primarias por modelo; Revisar respuesta inicial y aportar conclusión original antes de publicar,No contrastado manualmente con fuente externa
/sierras/de-banco-lusqtoff/,paginas\sierras\26-sierra-de-banco-lusqtoff.md,borrador,sierra de banco lusqtoff,Sierra de banco Lusqtoff: SML2000-8 y otras variantes,Sierra de banco Lusqtoff: qué modelo conviene para tu taller,1.0,1.0,106,4,2,1,5,False,False,no realizada en este inventario,requiere lectura y contraste externo,Comprobar que cada cifra cite la fuente y variante exactas; Revisar respuesta inicial y aportar conclusión original antes de publicar,No contrastado manualmente con fuente externa
/sierras/de-banco/,paginas\sierras\06-sierra-de-banco.md,borrador,sierra de banco,Sierra de banco: cuál elegir para tu taller,Cómo elegir una sierra de banco para madera,1.0,1.0,260,0,0,1,6,False,False,no realizada en este inventario,requiere lectura y contraste externo,Localizar y contrastar fuentes primarias por modelo; Revisar respuesta inicial y aportar conclusión original antes de publicar,No contrastado manualmente con fuente externa
/sierras/disco-para-sierra-circular/,paginas\sierras\15-disco-para-sierra-circular.md,borrador,disco para sierra circular,Disco para sierra circular: cuál usar para cada corte,Cómo elegir un disco para sierra circular,1.0,1.0,242,0,0,1,5,False,False,no realizada en este inventario,requiere lectura y contraste externo,Localizar y contrastar fuentes primarias por modelo; Revisar respuesta inicial y aportar conclusión original antes de publicar,No contrastado manualmente con fuente externa
/sierras/guia-para-sierra-circular/,paginas\sierras\11-guia-para-sierra-circular.md,borrador,guia para sierra circular,Guía para sierra circular: tipos y compatibilidad,Cómo elegir una guía para sierra circular,1.0,1.0,220,0,0,1,5,False,False,no realizada en este inventario,requiere lectura y contraste externo,Localizar y contrastar fuentes primarias por modelo; Revisar respuesta inicial y aportar conclusión original antes de publicar,No contrastado manualmente con fuente externa
/sierras/ingletadoras-dewalt/,paginas\sierras\13-ingletadora-dewalt.md,borrador,ingletadora dewalt,Ingletadora DeWalt: comparativa y guía de compra,Qué ingletadora DeWalt elegir,1.0,1.0,217,0,0,1,8,False,False,no realizada en este inventario,requiere lectura y contraste externo,Localizar y contrastar fuentes primarias por modelo; Revisar respuesta inicial y aportar conclusión original antes de publicar,No contrastado manualmente con fuente externa
/sierras/ingletadoras-einhell/,paginas\sierras\08-ingletadora-einhell.md,borrador,ingletadora einhell,Ingletadora Einhell: modelos y cuál conviene elegir,Qué ingletadora Einhell elegir según tus trabajos,1.0,1.0,213,2,1,1,7,False,False,no realizada en este inventario,requiere lectura y contraste externo,Comprobar que cada cifra cite la fuente y variante exactas; Revisar respuesta inicial y aportar conclusión original antes de publicar,No contrastado manualmente con fuente externa
/sierras/ingletadoras-total/,paginas\sierras\14-ingletadora-total.md,borrador,ingletadora total,Ingletadora Total: modelos y qué revisar al comprar,Cómo elegir una ingletadora Total,1.0,1.0,201,0,0,1,7,False,False,no realizada en este inventario,requiere lectura y contraste externo,Localizar y contrastar fuentes primarias por modelo; Revisar respuesta inicial y aportar conclusión original antes de publicar,No contrastado manualmente con fuente externa
/sierras/ingletadoras/,paginas\sierras\21-ingletadoras.md,borrador,ingletadora,Ingletadoras: cómo elegir entre fija y telescópica,Ingletadoras: cuál elegir según el corte y el material,1.0,1.0,99,0,0,1,0,False,False,no realizada en este inventario,requiere lectura y contraste externo,Localizar y contrastar fuentes primarias por modelo; Evaluar si una comparación estructurada aportaría a la intención; Revisar respuesta inicial y aportar conclusión original antes de publicar,No contrastado manualmente con fuente externa
/sierras/sable/,paginas\sierras\03-sierra-sable.md,borrador,sierra sable,Sierra sable: para qué sirve y cuál elegir,Sierra sable: guía de usos y compra,1.0,1.0,225,0,0,1,7,False,False,no realizada en este inventario,requiere lectura y contraste externo,Localizar y contrastar fuentes primarias por modelo; Revisar respuesta inicial y aportar conclusión original antes de publicar,No contrastado manualmente con fuente externa
/sierras/sensitivas-dewalt/,paginas\sierras\12-sensitiva-dewalt.md,borrador,sensitiva dewalt,Sensitiva DeWalt: modelos y guía de compra,Sensitiva DeWalt: qué modelo elegir,1.0,1.0,227,2,1,1,7,False,False,no realizada en este inventario,requiere lectura y contraste externo,Comprobar que cada cifra cite la fuente y variante exactas; Revisar respuesta inicial y aportar conclusión original antes de publicar,No contrastado manualmente con fuente externa
/sierras/sensitivas-lusqtoff/,paginas\sierras\27-sensitiva-lusqtoff.md,borrador,sierra sensitiva lusqtoff,Sensitiva Lusqtoff: CM-14K y qué revisar antes de comprar,Sierra sensitiva Lusqtoff: guía de la CM-14K,0.67,1.0,118,2,1,1,11,False,False,no realizada en este inventario,requiere lectura y contraste externo,Revisar correspondencia keyword-title-H1 manualmente; Comprobar que cada cifra cite la fuente y variante exactas; Revisar respuesta inicial y aportar conclusión original antes de publicar,No contrastado manualmente con fuente externa
/sierras/sensitivas-total/,paginas\sierras\29-sensitiva-total.md,borrador,sierra sensitiva total,Sensitiva Total: cómo elegir y comprobar el modelo,Sierra sensitiva Total: qué revisar en una de 355 mm,0.67,1.0,134,0,0,2,8,False,False,no realizada en este inventario,requiere lectura y contraste externo,Revisar correspondencia keyword-title-H1 manualmente; Localizar y contrastar fuentes primarias por modelo; Revisar respuesta inicial y aportar conclusión original antes de publicar,No contrastado manualmente con fuente externa
/sierras/sensitivas/,paginas\sierras\02-sensitiva.md,borrador,sensitiva,Sensitiva: qué es y cuál comprar para cortar metal,Cómo elegir una sensitiva para cortar metal,1.0,1.0,204,0,0,3,8,False,False,no realizada en este inventario,requiere lectura y contraste externo,Localizar y contrastar fuentes primarias por modelo; Revisar respuesta inicial y aportar conclusión original antes de publicar,No contrastado manualmente con fuente externa
/sierras/sierra-caladora-bosch/,paginas\sierras\22-caladoras-bosch.md,borrador,sierra caladora bosch,Sierra caladora Bosch: qué modelo elegir en Argentina,Sierra caladora Bosch: comparativa de modelos,1.0,1.0,92,4,1,1,6,False,False,no realizada en este inventario,requiere lectura y contraste externo,Comprobar que cada cifra cite la fuente y variante exactas; Revisar respuesta inicial y aportar conclusión original antes de publicar,No contrastado manualmente con fuente externa
/sierras/sierra-circular-dewalt-dwe560/,paginas\sierras\23-sierra-circular-dewalt-dwe560.md,borrador,sierra circular dewalt dwe560,DeWalt DWE560: ficha y guía de compra en Argentina,Sierra circular DeWalt DWE560: qué revisar antes de comprar,0.5,1.0,115,1,1,1,9,False,False,no realizada en este inventario,requiere lectura y contraste externo,Revisar correspondencia keyword-title-H1 manualmente; Comprobar que cada cifra cite la fuente y variante exactas; Revisar respuesta inicial y aportar conclusión original antes de publicar,No contrastado manualmente con fuente externa
/sierras/sierra-sable-inalambrica/,paginas\sierras\19-sierra-sable-inalambrica.md,borrador,sierra sable inalambrica,Sierra sable inalámbrica: cómo elegir y comparar,Qué sierra sable inalámbrica comprar,1.0,1.0,221,0,0,1,7,False,False,no realizada en este inventario,requiere lectura y contraste externo,Localizar y contrastar fuentes primarias por modelo; Revisar respuesta inicial y aportar conclusión original antes de publicar,No contrastado manualmente con fuente externa
/sierras/sierra-sin-fin-para-madera/,paginas\sierras\05-sierra-sin-fin-para-madera.md,borrador,sierra sin fin para madera,Sierra sin fin para madera: cómo elegir la adecuada,Qué sierra sin fin para madera comprar,1.0,1.0,240,0,0,1,4,False,False,no realizada en este inventario,requiere lectura y contraste externo,Localizar y contrastar fuentes primarias por modelo; Revisar respuesta inicial y aportar conclusión original antes de publicar,No contrastado manualmente con fuente externa
/sierras/sin-fin-lusqtoff/,paginas\sierras\28-sierra-sin-fin-lusqtoff.md,borrador,sierra sin fin lusqtoff,Sierra sin fin Lusqtoff: modelos compactos y de taller,"Sierra sin fin Lusqtoff: SFL250-8, SFL300-8 o SFL1100-9",1.0,1.0,103,3,2,1,5,False,False,no realizada en este inventario,requiere lectura y contraste externo,Comprobar que cada cifra cite la fuente y variante exactas; Revisar respuesta inicial y aportar conclusión original antes de publicar,No contrastado manualmente con fuente externa
/sierras/sin-fin-metal/,paginas\sierras\07-sierra-sin-fin-para-metal.md,borrador,sierra sin fin para metal,Sierra sin fin para metal: tipos y cómo elegir,Cómo elegir una sierra sin fin para metal,1.0,1.0,216,0,0,1,7,False,False,no realizada en este inventario,requiere lectura y contraste externo,Localizar y contrastar fuentes primarias por modelo; Revisar respuesta inicial y aportar conclusión original antes de publicar,No contrastado manualmente con fuente externa
/sierras/stanley-sc16/,paginas\sierras\24-stanley-sc16.md,borrador,sierra circular stanley sc16,Stanley SC16: ficha y qué comprobar antes de comprar,Sierra circular Stanley SC16: guía de compra,0.5,1.0,97,1,1,1,7,False,False,no realizada en este inventario,requiere lectura y contraste externo,Revisar correspondencia keyword-title-H1 manualmente; Comprobar que cada cifra cite la fuente y variante exactas; Revisar respuesta inicial y aportar conclusión original antes de publicar,No contrastado manualmente con fuente externa
/soldadoras/,paginas\soldadoras\00-soldadoras.md,borrador,soldadoras,"Soldadoras: cómo elegir entre inverter, MIG, TIG y punto | Taller Lab",Soldadoras: cuál elegir según el trabajo,1.0,1.0,125,0,0,1,16,False,False,no realizada en este inventario,requiere lectura y contraste externo,Localizar y contrastar fuentes primarias por modelo; Revisar respuesta inicial y aportar conclusión original antes de publicar,No contrastado manualmente con fuente externa
/soldadoras/alambre-flux/,paginas\soldadoras\13-alambre-flux.md,borrador,alambre flux,"Alambre flux: tipos, medidas y cuál comprar",Cómo elegir alambre flux para tu soldadora,1.0,1.0,159,0,0,1,5,False,False,no realizada en este inventario,requiere lectura y contraste externo,Localizar y contrastar fuentes primarias por modelo; Revisar respuesta inicial y aportar conclusión original antes de publicar,No contrastado manualmente con fuente externa
/soldadoras/alambre-para-soldadura-mig/,paginas\soldadoras\08-alambre-para-soldadura-mig.md,borrador,alambre para soldadura mig,Alambre para soldadura MIG: tipos y cómo elegir,"Alambre para soldadura MIG: tipos, diámetros y compatibilidad",1.0,1.0,332,0,0,1,6,False,False,no realizada en este inventario,requiere lectura y contraste externo,Localizar y contrastar fuentes primarias por modelo; Revisar respuesta inicial y aportar conclusión original antes de publicar,No contrastado manualmente con fuente externa
/soldadoras/carro-para-soldadora-mig/,paginas\soldadoras\25-carro-para-soldadora-mig.md,borrador,carro para soldadora mig,"Carro para soldadora MIG: medidas, tubo y capacidad",Carro para soldadora MIG: cómo elegir uno que entre en tu taller,1.0,1.0,100,0,0,2,7,False,False,no realizada en este inventario,requiere lectura y contraste externo,Localizar y contrastar fuentes primarias por modelo; Revisar respuesta inicial y aportar conclusión original antes de publicar,No contrastado manualmente con fuente externa
/soldadoras/electrodo-6013/,paginas\soldadoras\10-electrodo-6013.md,borrador,electrodo 6013,Electrodo 6013: para qué sirve y cuál comprar,"Electrodo 6013: usos, medidas y qué elegir",1.0,1.0,188,0,0,1,7,False,False,no realizada en este inventario,requiere lectura y contraste externo,Localizar y contrastar fuentes primarias por modelo; Revisar respuesta inicial y aportar conclusión original antes de publicar,No contrastado manualmente con fuente externa
/soldadoras/electrodo-7018/,paginas\soldadoras\01-electrodo-7018.md,borrador,electrodo 7018,"Electrodo 7018: usos, amperaje y cuál comprar",Electrodo 7018: cómo elegirlo según el trabajo,1.0,1.0,187,0,0,1,7,False,False,no realizada en este inventario,requiere lectura y contraste externo,Localizar y contrastar fuentes primarias por modelo; Revisar respuesta inicial y aportar conclusión original antes de publicar,No contrastado manualmente con fuente externa
/soldadoras/electrodo-para-acero-inoxidable/,paginas\soldadoras\16-electrodo-para-acero-inoxidable.md,borrador,electrodo para acero inoxidable,Electrodo para acero inoxidable: cuál elegir,Cómo elegir electrodos para acero inoxidable,1.0,1.0,193,0,0,1,11,False,False,no realizada en este inventario,requiere lectura y contraste externo,Localizar y contrastar fuentes primarias por modelo; Revisar respuesta inicial y aportar conclusión original antes de publicar,No contrastado manualmente con fuente externa
/soldadoras/electrodo-para-fundicion/,paginas\soldadoras\12-electrodo-para-fundicion.md,borrador,electrodo para fundicion,Electrodo para fundición: tipos y cuál elegir,Cómo elegir un electrodo para fundición,1.0,1.0,200,0,0,1,6,False,False,no realizada en este inventario,requiere lectura y contraste externo,Localizar y contrastar fuentes primarias por modelo; Revisar respuesta inicial y aportar conclusión original antes de publicar,No contrastado manualmente con fuente externa
/soldadoras/esab-handyarc-162i/,paginas\soldadoras\26-esab-handyarc-162i.md,borrador,esab handyarc 162i,"ESAB HandyArc 162i: corriente, ciclo de trabajo y compra",ESAB HandyArc 162i: qué ofrece y qué comprobar,1.0,1.0,61,1,1,1,5,False,False,no realizada en este inventario,requiere lectura y contraste externo,Comprobar que cada cifra cite la fuente y variante exactas; Revisar respuesta inicial y aportar conclusión original antes de publicar,No contrastado manualmente con fuente externa
/soldadoras/esab/,paginas\soldadoras\15-soldadora-esab.md,borrador,soldadora esab,"Soldadoras ESAB: modelos, diferencias y qué elegir",Qué soldadora ESAB elegir según tu trabajo,1.0,1.0,156,0,0,1,8,False,False,no realizada en este inventario,requiere lectura y contraste externo,Localizar y contrastar fuentes primarias por modelo; Revisar respuesta inicial y aportar conclusión original antes de publicar,No contrastado manualmente con fuente externa
/soldadoras/guantes/,paginas\soldadoras\05-guantes-para-soldar.md,borrador,guantes para soldar,Guantes para soldar: cuáles elegir para MIG y TIG,Cómo elegir guantes para soldar según el proceso,1.0,1.0,132,0,0,1,7,False,False,no realizada en este inventario,requiere lectura y contraste externo,Localizar y contrastar fuentes primarias por modelo; Revisar respuesta inicial y aportar conclusión original antes de publicar,No contrastado manualmente con fuente externa
/soldadoras/lusqtoff-iron-100/,paginas\soldadoras\21-soldadora-lusqtoff-iron-100.md,borrador,soldadora lusqtoff iron 100,Lusqtoff Iron 100: ficha del kit con máscara y escuadras,Soldadora Lusqtoff Iron 100: qué incluye y para quién sirve,0.75,1.0,139,2,1,1,7,False,False,no realizada en este inventario,requiere lectura y contraste externo,Revisar correspondencia keyword-title-H1 manualmente; Comprobar que cada cifra cite la fuente y variante exactas; Revisar respuesta inicial y aportar conclusión original antes de publicar,No contrastado manualmente con fuente externa
/soldadoras/lusqtoff-iron-250/,paginas\soldadoras\18-soldadora-lusqtoff-iron-250.md,borrador,soldadora lusqtoff iron 250,Lusqtoff Iron 250: características y guía de compra,Soldadora Lusqtoff Iron 250: qué revisar antes de comprar,0.75,1.0,197,0,0,1,7,False,False,no realizada en este inventario,requiere lectura y contraste externo,Revisar correspondencia keyword-title-H1 manualmente; Localizar y contrastar fuentes primarias por modelo; Revisar respuesta inicial y aportar conclusión original antes de publicar,No contrastado manualmente con fuente externa
/soldadoras/lusqtoff-sml120-8d/,paginas\soldadoras\24-soldadora-lusqtoff-sml120-8d.md,borrador,lusqtoff sml120 8d,Lusqtoff SML120-8D: ficha de la MIG Flux dual,Lusqtoff SML120-8D: qué revisar en la soldadora y el kit,1.0,1.0,113,2,1,1,8,False,False,no realizada en este inventario,requiere lectura y contraste externo,Comprobar que cada cifra cite la fuente y variante exactas; Revisar respuesta inicial y aportar conclusión original antes de publicar,No contrastado manualmente con fuente externa
/soldadoras/lusqtoff-sml130-7/,paginas\soldadoras\28-soldadora-lusqtoff-sml130-7.md,borrador,lusqtoff sml130 7,"Lusqtoff SML130-7: modelo, alambre y qué revisar",Soldadora Lusqtoff SML130-7: comprobaciones de compra,1.0,1.0,79,1,1,1,7,False,False,no realizada en este inventario,requiere lectura y contraste externo,Comprobar que cada cifra cite la fuente y variante exactas; Revisar respuesta inicial y aportar conclusión original antes de publicar,No contrastado manualmente con fuente externa
/soldadoras/lusqtoff-sml150-8/,paginas\soldadoras\23-soldadora-lusqtoff-sml150-8.md,borrador,soldadora lusqtoff sml 150 8,"Lusqtoff SML150-8: diferencias, kit y qué comprobar",Soldadora Lusqtoff SML150-8: guía antes de comprar,0.4,0.6,101,2,2,1,7,False,False,no realizada en este inventario,requiere lectura y contraste externo,Revisar correspondencia keyword-title-H1 manualmente; Comprobar que cada cifra cite la fuente y variante exactas; Revisar respuesta inicial y aportar conclusión original antes de publicar,No contrastado manualmente con fuente externa
/soldadoras/lusqtoff/,paginas\soldadoras\02-soldadora-lusqtoff.md,borrador,soldadora lusqtoff,Soldadoras Lusqtoff: modelos y cuál conviene comprar,Qué soldadora Lusqtoff elegir para casa o taller,1.0,1.0,145,0,0,2,8,False,False,no realizada en este inventario,requiere lectura y contraste externo,Localizar y contrastar fuentes primarias por modelo; Revisar respuesta inicial y aportar conclusión original antes de publicar,No contrastado manualmente con fuente externa
/soldadoras/mascara-lusqtoff-st-1x/,paginas\soldadoras\27-mascara-lusqtoff-st-1x.md,borrador,lusqtoff st 1x,Máscara Lusqtoff ST-1X: qué revisar antes de comprar,Máscara fotosensible Lusqtoff ST-1X: guía de compra,1.0,1.0,106,1,1,1,6,False,False,no realizada en este inventario,requiere lectura y contraste externo,Comprobar que cada cifra cite la fuente y variante exactas; Revisar respuesta inicial y aportar conclusión original antes de publicar,No contrastado manualmente con fuente externa
/soldadoras/mascaras-fotosensibles/,paginas\soldadoras\09-mascara-de-soldar-fotosensible.md,borrador,mascara de soldar fotosensible,Máscara de soldar fotosensible: cómo elegir la mejor,Cómo elegir una máscara de soldar fotosensible,1.0,1.0,156,0,0,1,9,False,False,no realizada en este inventario,requiere lectura y contraste externo,Localizar y contrastar fuentes primarias por modelo; Revisar respuesta inicial y aportar conclusión original antes de publicar,No contrastado manualmente con fuente externa
/soldadoras/mig-lusqtoff/,paginas\soldadoras\22-soldadora-mig-lusqtoff.md,borrador,soldadora mig lusqtoff,Soldadora MIG Lusqtoff: modelos Flux y qué revisar,Soldadora MIG Lusqtoff: cómo elegir una Flux sin gas,1.0,1.0,107,1,1,1,5,False,False,no realizada en este inventario,requiere lectura y contraste externo,Comprobar que cada cifra cite la fuente y variante exactas; Revisar respuesta inicial y aportar conclusión original antes de publicar,No contrastado manualmente con fuente externa
/soldadoras/mig-sin-gas/,paginas\soldadoras\07-soldadora-mig-sin-gas.md,borrador,soldadora mig sin gas,Soldadora MIG sin gas: comparativa y guía de compra,Qué soldadora MIG sin gas conviene comprar,1.0,1.0,133,0,0,1,8,False,False,no realizada en este inventario,requiere lectura y contraste externo,Localizar y contrastar fuentes primarias por modelo; Revisar respuesta inicial y aportar conclusión original antes de publicar,No contrastado manualmente con fuente externa
/soldadoras/para-aluminio/,paginas\soldadoras\17-soldadora-para-aluminio.md,borrador,soldadora para aluminio,"Soldadora para aluminio: TIG o MIG, cuál elegir",Qué soldadora necesitás para soldar aluminio,1.0,1.0,204,0,0,1,8,False,False,no realizada en este inventario,requiere lectura y contraste externo,Localizar y contrastar fuentes primarias por modelo; Revisar respuesta inicial y aportar conclusión original antes de publicar,No contrastado manualmente con fuente externa
/soldadoras/soldadora-de-punto/,paginas\soldadoras\03-soldadora-de-punto.md,borrador,soldadora de punto,"Soldadora de punto: tipos, usos y cuál elegir",Soldadora de punto: cuál elegir para baterías o chapa,1.0,1.0,279,0,0,1,7,False,False,no realizada en este inventario,requiere lectura y contraste externo,Localizar y contrastar fuentes primarias por modelo; Revisar respuesta inicial y aportar conclusión original antes de publicar,No contrastado manualmente con fuente externa
/soldadoras/soldadora-dogo-180/,paginas\soldadoras\14-soldadora-dogo-180.md,borrador,soldadora dogo 180,Soldadora Dogo 180: características y qué revisar,Soldadora Dogo 180: guía antes de comprar,1.0,1.0,135,0,0,1,9,False,False,no realizada en este inventario,requiere lectura y contraste externo,Localizar y contrastar fuentes primarias por modelo; Revisar respuesta inicial y aportar conclusión original antes de publicar,No contrastado manualmente con fuente externa
/soldadoras/soldadora-inverter-160-amp/,paginas\soldadoras\20-soldadora-inverter-160-amp.md,borrador,soldadora inverter 160 amp,Soldadora inverter 160 A: comparativa y qué elegir,Qué soldadora inverter de 160 amperios elegir,0.75,0.75,167,0,0,1,8,False,False,no realizada en este inventario,requiere lectura y contraste externo,Revisar correspondencia keyword-title-H1 manualmente; Localizar y contrastar fuentes primarias por modelo; Revisar respuesta inicial y aportar conclusión original antes de publicar,No contrastado manualmente con fuente externa
/soldadoras/soldadora-inverter-200-amp/,paginas\soldadoras\11-soldadora-inverter-200-amp.md,borrador,soldadora inverter 200 amp,Soldadora inverter 200 A: modelos y cómo elegir,Qué soldadora inverter de 200 amperios comprar,0.75,0.75,124,0,0,1,5,False,False,no realizada en este inventario,requiere lectura y contraste externo,Revisar correspondencia keyword-title-H1 manualmente; Localizar y contrastar fuentes primarias por modelo; Revisar respuesta inicial y aportar conclusión original antes de publicar,No contrastado manualmente con fuente externa
/soldadoras/soldadora-mig-con-gas/,paginas\soldadoras\04-soldadora-mig-con-gas.md,borrador,soldadora mig con gas,Soldadora MIG con gas: guía para elegir y comprar,Qué soldadora MIG con gas comprar,1.0,1.0,136,0,0,1,5,False,False,no realizada en este inventario,requiere lectura y contraste externo,Localizar y contrastar fuentes primarias por modelo; Revisar respuesta inicial y aportar conclusión original antes de publicar,No contrastado manualmente con fuente externa
/soldadoras/soldadora-tig-ac-dc/,paginas\soldadoras\19-soldadora-tig-ac-dc.md,borrador,soldadora tig ac dc,Soldadora TIG AC/DC: funciones y qué modelo elegir,Cómo elegir una soldadora TIG AC/DC,1.0,1.0,151,0,0,1,6,False,False,no realizada en este inventario,requiere lectura y contraste externo,Localizar y contrastar fuentes primarias por modelo; Revisar respuesta inicial y aportar conclusión original antes de publicar,No contrastado manualmente con fuente externa
/soldadoras/tig/,paginas\soldadoras\06-soldadora-tig.md,borrador,soldadora tig,Soldadora TIG: qué es y qué equipo conviene comprar,Soldadoras TIG: guía para elegir tu equipo,1.0,1.0,174,0,0,1,4,False,False,no realizada en este inventario,requiere lectura y contraste externo,Localizar y contrastar fuentes primarias por modelo; Revisar respuesta inicial y aportar conclusión original antes de publicar,No contrastado manualmente con fuente externa
/soldadura-electronica/estacion-de-soldadura/,paginas\soldadura-electronica\02-estacion-de-soldadura.md,borrador,estacion de soldadura electronica,Estación de soldadura electrónica: cautín o aire caliente,Estación de soldadura electrónica: cuál comprar para tu mesa,1.0,1.0,93,0,0,4,5,False,False,no realizada en este inventario,requiere lectura y contraste externo,Localizar y contrastar fuentes primarias por modelo; Revisar respuesta inicial y aportar conclusión original antes de publicar,No contrastado manualmente con fuente externa
/soldadura-electronica/gadnic-878d/,paginas\soldadura-electronica\03-gadnic-878d.md,borrador,estacion de soldado gadnic 878d,Gadnic 878D: estación de cautín y aire caliente,Gadnic 878D: qué revisar antes de comprar la estación,0.75,0.75,100,0,0,2,6,False,False,no realizada en este inventario,requiere lectura y contraste externo,Revisar correspondencia keyword-title-H1 manualmente; Localizar y contrastar fuentes primarias por modelo; Revisar respuesta inicial y aportar conclusión original antes de publicar,No contrastado manualmente con fuente externa
/soldadura-electronica/kit-soldador-de-estano/,paginas\soldadura-electronica\01-kit-soldador-de-estano.md,borrador,kit soldador de estaño,Kit soldador de estaño: qué debe incluir y cuál elegir,Kit soldador de estaño: elegí el equipo según la reparación,1.0,1.0,90,0,0,2,7,False,False,no realizada en este inventario,requiere lectura y contraste externo,Localizar y contrastar fuentes primarias por modelo; Revisar respuesta inicial y aportar conclusión original antes de publicar,No contrastado manualmente con fuente externa
/soldadura-electronica/soporte-para-soldar-con-lupa/,paginas\soldadura-electronica\05-soporte-para-soldar-con-lupa.md,borrador,soporte para soldar con lupa,"Soporte para soldar con lupa: pinzas, base y luz",Soporte para soldar con lupa: qué revisar antes de comprar,1.0,1.0,90,0,0,2,6,False,False,no realizada en este inventario,requiere lectura y contraste externo,Localizar y contrastar fuentes primarias por modelo; Revisar respuesta inicial y aportar conclusión original antes de publicar,No contrastado manualmente con fuente externa
/soldadura-electronica/yihua-898d/,paginas\soldadura-electronica\04-yihua-898d.md,borrador,estacion de soldado yihua 898d,Yihua 898D: estación de aire caliente y cautín,Yihua 898D: qué incluye y para qué trabajos sirve,0.75,0.5,96,0,0,2,6,False,False,no realizada en este inventario,requiere lectura y contraste externo,Revisar correspondencia keyword-title-H1 manualmente; Localizar y contrastar fuentes primarias por modelo; Revisar respuesta inicial y aportar conclusión original antes de publicar,Lectura manual: datos tecnicos de aviso comercial sin manual identificado
/taladros/atornillador-impacto-dewalt/,paginas\taladros\19-atornillador-de-impacto-dewalt.md,borrador,atornillador de impacto dewalt,Atornillador de impacto DeWalt: cuál comprar,Qué atornillador de impacto DeWalt elegir,1.0,1.0,155,0,0,1,6,False,False,no realizada en este inventario,requiere lectura y contraste externo,Localizar y contrastar fuentes primarias por modelo; Revisar respuesta inicial y aportar conclusión original antes de publicar,No contrastado manualmente con fuente externa
/taladros/atornilladores-de-impacto/,paginas\taladros\05-atornillador-de-impacto.md,borrador,atornillador de impacto,Atornillador de impacto: cuál elegir y para qué sirve,Cómo elegir un atornillador de impacto,1.0,1.0,127,0,0,1,8,False,False,no realizada en este inventario,requiere lectura y contraste externo,Localizar y contrastar fuentes primarias por modelo; Revisar respuesta inicial y aportar conclusión original antes de publicar,No contrastado manualmente con fuente externa
/taladros/black-decker/,paginas\taladros\09-taladro-black-decker.md,borrador,taladro black decker,Taladro Black+Decker: qué modelo conviene comprar,Qué taladro Black+Decker elegir para casa,1.0,1.0,120,0,0,1,6,True,False,no realizada en este inventario,requiere lectura y contraste externo,"Localizar y contrastar fuentes primarias por modelo; Identificar muestra, fecha y enlaces de opiniones; retirar generalizaciones sin evidencia; Revisar respuesta inicial y aportar conclusión original antes de publicar",No contrastado manualmente con fuente externa
/taladros/bosch-inalambrico/,paginas\taladros\20-taladro-inalambrico-bosch.md,borrador,taladro inalambrico bosch,"Taladro inalámbrico Bosch: GSR, GSB y cuál elegir",Qué taladro inalámbrico Bosch comprar,1.0,1.0,126,0,0,1,10,False,False,no realizada en este inventario,requiere lectura y contraste externo,Localizar y contrastar fuentes primarias por modelo; Revisar respuesta inicial y aportar conclusión original antes de publicar,No contrastado manualmente con fuente externa
/taladros/brocas-ceramica/,paginas\taladros\17-brocas-para-ceramica.md,borrador,brocas para ceramica,Brocas para cerámica: cuáles usar y cómo perforar,Cómo elegir mechas para cerámica y azulejos,1.0,0.5,123,0,0,1,5,False,False,no realizada en este inventario,requiere lectura y contraste externo,Revisar correspondencia keyword-title-H1 manualmente; Localizar y contrastar fuentes primarias por modelo; Revisar respuesta inicial y aportar conclusión original antes de publicar,No contrastado manualmente con fuente externa
/taladros/combo-taladro-amoladora/,paginas\taladros\23-combo-taladro-amoladora.md,borrador,combo taladro amoladora,Combo taladro y amoladora: kits con cable y a batería,Qué combo de taladro y amoladora conviene comprar,1.0,1.0,97,0,0,5,6,False,False,no realizada en este inventario,requiere lectura y contraste externo,Localizar y contrastar fuentes primarias por modelo; Revisar respuesta inicial y aportar conclusión original antes de publicar,No contrastado manualmente con fuente externa
/taladros/dewalt-inalambrico/,paginas\taladros\13-taladro-inalambrico-dewalt.md,borrador,taladro inalambrico dewalt,Taladro inalámbrico DeWalt: modelos y diferencias,Qué taladro inalámbrico DeWalt comprar,1.0,1.0,126,0,0,1,7,False,False,no realizada en este inventario,requiere lectura y contraste externo,Localizar y contrastar fuentes primarias por modelo; Revisar respuesta inicial y aportar conclusión original antes de publicar,No contrastado manualmente con fuente externa
/taladros/einhell-inalambrico/,paginas\taladros\12-taladro-inalambrico-einhell.md,borrador,taladro inalambrico einhell,Taladro inalámbrico Einhell: cuál comprar,Qué taladro inalámbrico Einhell elegir,1.0,1.0,123,0,0,1,7,False,False,no realizada en este inventario,requiere lectura y contraste externo,Localizar y contrastar fuentes primarias por modelo; Revisar respuesta inicial y aportar conclusión original antes de publicar,No contrastado manualmente con fuente externa
/taladros/inalambricos/,paginas\taladros\01-taladro-inalambrico.md,borrador,taladro inalámbrico,Taladro inalámbrico: cuál comprar en Argentina,Cómo elegir un taladro inalámbrico para tu trabajo,1.0,1.0,151,0,0,1,5,False,False,no realizada en este inventario,requiere lectura y contraste externo,Localizar y contrastar fuentes primarias por modelo; Revisar respuesta inicial y aportar conclusión original antes de publicar,No contrastado manualmente con fuente externa
/taladros/lusqtoff-inalambrico/,paginas\taladros\16-taladro-inalambrico-lusqtoff.md,borrador,taladro inalambrico lusqtoff,Taladro inalámbrico Lusqtoff: cuál conviene comprar,Cómo elegir un taladro inalámbrico Lusqtoff,1.0,1.0,127,0,0,1,6,False,False,no realizada en este inventario,requiere lectura y contraste externo,Localizar y contrastar fuentes primarias por modelo; Revisar respuesta inicial y aportar conclusión original antes de publicar,No contrastado manualmente con fuente externa
/taladros/mecha-forstner-35-mm/,paginas\taladros\22-mecha-forstner-35-mm.md,borrador,mecha forstner,Mecha Forstner 35 mm: cuál usar para bisagras cazoleta,Cómo elegir una mecha Forstner de 35 mm para bisagras,1.0,1.0,96,0,0,2,5,False,False,no realizada en este inventario,requiere lectura y contraste externo,Localizar y contrastar fuentes primarias por modelo; Revisar respuesta inicial y aportar conclusión original antes de publicar,No contrastado manualmente con fuente externa
/taladros/mecha-porcelanato/,paginas\taladros\14-mecha-para-porcelanato.md,borrador,mecha para porcelanato,Mecha para porcelanato: cuál elegir y cómo usarla,Qué mecha usar para perforar porcelanato,1.0,1.0,142,0,0,1,5,False,False,no realizada en este inventario,requiere lectura y contraste externo,Localizar y contrastar fuentes primarias por modelo; Revisar respuesta inicial y aportar conclusión original antes de publicar,No contrastado manualmente con fuente externa
/taladros/mechas-escalonadas/,paginas\taladros\21-mechas-escalonadas.md,borrador,mecha escalonada,Mecha escalonada: cuál comprar para chapa y metal,Qué mecha escalonada elegir y cómo usarla,1.0,1.0,108,0,0,4,5,False,False,no realizada en este inventario,requiere lectura y contraste externo,Localizar y contrastar fuentes primarias por modelo; Revisar respuesta inicial y aportar conclusión original antes de publicar,No contrastado manualmente con fuente externa
/taladros/milwaukee/,paginas\taladros\15-taladro-milwaukee.md,borrador,taladro milwaukee,"Taladro Milwaukee: M12, M18 y cuál elegir",Qué taladro Milwaukee comprar según el uso,1.0,1.0,151,0,0,1,8,False,False,no realizada en este inventario,requiere lectura y contraste externo,Localizar y contrastar fuentes primarias por modelo; Revisar respuesta inicial y aportar conclusión original antes de publicar,No contrastado manualmente con fuente externa
/taladros/para-durlock/,paginas\taladros\08-atornillador-para-durlock.md,borrador,atornillador para durlock,Atornillador para Durlock: cuál comprar y por qué,Cómo elegir un atornillador para Durlock,1.0,1.0,147,0,0,1,7,False,False,no realizada en este inventario,requiere lectura y contraste externo,Localizar y contrastar fuentes primarias por modelo; Revisar respuesta inicial y aportar conclusión original antes de publicar,No contrastado manualmente con fuente externa
/taladros/percutores/,paginas\taladros\03-taladro-percutor.md,borrador,taladro percutor,Taladro percutor: cuál comprar y cómo elegirlo,Cómo elegir un taladro percutor,1.0,1.0,137,0,0,1,6,False,False,no realizada en este inventario,requiere lectura y contraste externo,Localizar y contrastar fuentes primarias por modelo; Revisar respuesta inicial y aportar conclusión original antes de publicar,No contrastado manualmente con fuente externa
/taladros/rotomartillo-bosch/,paginas\taladros\06-rotomartillo-bosch.md,borrador,rotomartillo bosch,Rotomartillo Bosch: modelos y cuál conviene comprar,Qué rotomartillo Bosch elegir,1.0,1.0,145,0,0,1,7,False,False,no realizada en este inventario,requiere lectura y contraste externo,Localizar y contrastar fuentes primarias por modelo; Revisar respuesta inicial y aportar conclusión original antes de publicar,No contrastado manualmente con fuente externa
/taladros/rotomartillo-dewalt/,paginas\taladros\11-rotomartillo-dewalt.md,borrador,rotomartillo dewalt,Rotomartillo DeWalt: cuál elegir para tu trabajo,Cómo elegir un rotomartillo DeWalt,1.0,1.0,139,0,0,1,8,True,False,no realizada en este inventario,requiere lectura y contraste externo,"Localizar y contrastar fuentes primarias por modelo; Identificar muestra, fecha y enlaces de opiniones; retirar generalizaciones sin evidencia; Revisar respuesta inicial y aportar conclusión original antes de publicar",No contrastado manualmente con fuente externa
/taladros/rotomartillo-einhell/,paginas\taladros\10-rotomartillo-einhell.md,borrador,rotomartillo einhell,Rotomartillo Einhell: comparativa y guía de compra,Qué rotomartillo Einhell comprar,1.0,1.0,131,0,0,1,7,False,False,no realizada en este inventario,requiere lectura y contraste externo,Localizar y contrastar fuentes primarias por modelo; Revisar respuesta inicial y aportar conclusión original antes de publicar,No contrastado manualmente con fuente externa
/taladros/rotomartillos/,paginas\taladros\02-rotomartillo.md,borrador,rotomartillo,Rotomartillo: cuál elegir para concreto y obra,Qué rotomartillo comprar según el trabajo,1.0,1.0,139,0,0,1,8,False,False,no realizada en este inventario,requiere lectura y contraste externo,Localizar y contrastar fuentes primarias por modelo; Revisar respuesta inicial y aportar conclusión original antes de publicar,No contrastado manualmente con fuente externa
/taladros/stanley/,paginas\taladros\18-taladro-stanley.md,borrador,taladro stanley,Taladro Stanley: modelos y cuál conviene comprar,Qué taladro Stanley elegir,1.0,1.0,141,0,0,1,7,False,False,no realizada en este inventario,requiere lectura y contraste externo,Localizar y contrastar fuentes primarias por modelo; Revisar respuesta inicial y aportar conclusión original antes de publicar,No contrastado manualmente con fuente externa
/taladros/taladro-de-banco/,paginas\taladros\04-taladro-de-banco.md,borrador,taladro de banco,Taladro de banco: guía para elegir y comparar,Qué taladro de banco comprar para tu taller,1.0,1.0,148,0,0,6,21,False,False,no realizada en este inventario,requiere lectura y contraste externo,Localizar y contrastar fuentes primarias por modelo; Revisar respuesta inicial y aportar conclusión original antes de publicar,No contrastado manualmente con fuente externa
/taladros/taladro-percutor-inalambrico/,paginas\taladros\07-taladro-percutor-inalambrico.md,borrador,taladro percutor inalambrico,Taladro percutor inalámbrico: modelos y comparativa,Qué taladro percutor inalámbrico comprar,1.0,1.0,129,0,0,2,13,False,False,no realizada en este inventario,requiere lectura y contraste externo,Localizar y contrastar fuentes primarias por modelo; Revisar respuesta inicial y aportar conclusión original antes de publicar,No contrastado manualmente con fuente externa
