url,archivo,estado,enlaces_externos_no_comerciales,bloque_fuentes,activo_de_informacion,activo_verificado,categorias_visibles,enlace_hub,frases_para_revisar
/amoladoras/,paginas\00-amoladoras.md,publicada,4,sí,sí,sí,sí,sí,0
/amoladoras/115-o-125/,paginas\20-amoladora-115-o-125.md,publicada,8,sí,sí,sí,sí,sí,1
/amoladoras/7-pulgadas/,paginas\19-amoladora-7-pulgadas.md,publicada,5,sí,sí,sí,sí,sí,0
/amoladoras/9-pulgadas/,paginas\12-amoladora-de-9-pulgadas.md,publicada,7,sí,sí,sí,sí,sí,0
/amoladoras/bosch/,paginas\10-amoladoras-bosch.md,publicada,8,sí,sí,sí,sí,sí,1
/amoladoras/de-banco/,paginas\06-amoladora-de-banco.md,publicada,9,sí,sí,sí,sí,sí,1
/amoladoras/dewalt/,paginas\03-amoladoras-dewalt.md,publicada,12,sí,sí,sí,sí,sí,0
/amoladoras/disco-de-corte/,paginas\16-disco-de-corte.md,publicada,5,sí,sí,sí,sí,sí,0
/amoladoras/disco-de-desbaste/,paginas\04-disco-de-desbaste.md,publicada,6,sí,sí,sí,sí,sí,0
/amoladoras/disco-diamantado-segmentado/,paginas\14-disco-diamantado-segmentado.md,publicada,7,sí,sí,sí,sí,sí,0
/amoladoras/disco-flap/,paginas\01-disco-flap.md,publicada,6,sí,sí,sí,sí,sí,0
/amoladoras/discos-ceramica/,paginas\09-disco-para-cortar-ceramica.md,publicada,3,sí,sí,sí,sí,sí,2
/amoladoras/discos-vidrio/,paginas\24-disco-para-cortar-vidrio.md,publicada,8,sí,sí,sí,sí,sí,0
/amoladoras/discos/,paginas\02-discos-para-amoladora.md,publicada,6,sí,sí,sí,sí,sí,0
/amoladoras/dowen-pagio/,paginas\23-amoladoras-dowen-pagio.md,publicada,11,sí,sí,sí,sí,sí,0
/amoladoras/gamma/,paginas\21-amoladoras-gamma.md,publicada,6,sí,sí,sí,sí,sí,1
/amoladoras/inalambricas/,paginas\08-amoladoras-inalambricas.md,publicada,8,sí,sí,sí,sí,sí,1
/amoladoras/ingco/,paginas\17-amoladoras-ingco.md,publicada,13,sí,sí,sí,sí,sí,0
/amoladoras/lusqtoff/,paginas\11-amoladoras-lusqtoff.md,publicada,5,sí,sí,sí,sí,sí,0
/amoladoras/makita/,paginas\07-amoladoras-makita.md,publicada,12,sí,sí,sí,sí,sí,0
/amoladoras/recta/,paginas\05-amoladora-recta.md,publicada,5,sí,sí,sí,sí,sí,0
/amoladoras/skil-830w/,paginas\13-amoladora-skil-830w.md,publicada,3,sí,sí,sí,sí,sí,0
/amoladoras/stanley/,paginas\15-amoladoras-stanley.md,publicada,14,sí,sí,sí,sí,sí,0
/amoladoras/total/,paginas\22-amoladoras-total.md,publicada,8,sí,sí,sí,sí,sí,1
/amoladoras/velocidad-variable/,paginas\18-amoladora-velocidad-variable.md,publicada,5,sí,sí,sí,sí,sí,0
/compresores/100-litros/,paginas\compresores\11-compresor-de-100-litros.md,publicada,11,sí,sí,sí,sí,sí,0
/compresores/12v-doble-piston/,paginas\compresores\23-compresor-12v-doble-piston.md,publicada,4,sí,sí,sí,sí,sí,0
/compresores/200-litros/,paginas\compresores\16-compresor-de-200-litros.md,publicada,7,sí,sí,sí,sí,sí,0
/compresores/24-litros/,paginas\compresores\18-compresor-de-24-litros.md,publicada,10,sí,sí,sí,sí,sí,0
/compresores/50-litros/,paginas\compresores\02-compresor-de-50-litros.md,publicada,8,sí,sí,sí,sí,sí,1
/compresores/aceite/,paginas\compresores\08-aceite-para-compresor-de-aire.md,publicada,5,sí,sí,sí,sí,sí,0
/compresores/acoples-rapidos/,paginas\compresores\06-acople-rapido-para-compresor.md,publicada,5,sí,sí,sí,sí,sí,0
/compresores/bta-25-litros/,paginas\compresores\17-compresor-bta-25-litros.md,publicada,5,sí,sí,sí,sí,sí,0
/compresores/filtros/,paginas\compresores\10-filtro-de-aire-para-compresor.md,publicada,3,sí,sí,sí,sí,sí,0
/compresores/gamma-50-litros/,paginas\compresores\12-compresor-gamma-50-litros.md,publicada,4,sí,sí,sí,sí,sí,0
/compresores/inalambricos/,paginas\compresores\19-compresor-inalambrico.md,publicada,5,sí,sí,sí,sí,sí,0
/compresores/inflador-neumaticos-portatil/,paginas\compresores\22-inflador-de-neumaticos-portatil.md,publicada,6,sí,sí,sí,sí,sí,0
/compresores/kits-accesorios/,paginas\compresores\13-kit-para-compresor-de-aire.md,publicada,5,sí,sí,sí,sí,sí,1
/compresores/kits-aerografo/,paginas\compresores\04-aerografo-con-compresor.md,publicada,10,sí,sí,sí,sí,sí,0
/compresores/lusqtoff-100-litros/,paginas\compresores\14-compresor-lusqtoff-100-litros.md,publicada,10,sí,sí,sí,sí,sí,0
/compresores/lusqtoff-50-litros/,paginas\compresores\09-compresor-lusqtoff-50-litros.md,publicada,8,sí,sí,sí,sí,sí,0
/compresores/manguera/,paginas\compresores\03-manguera-para-compresor-de-aire.md,publicada,7,sí,sí,sí,sí,sí,0
/compresores/para-aerografo/,paginas\compresores\07-compresor-para-aerografo.md,publicada,10,sí,sí,sí,sí,sí,0
/compresores/para-auto/,paginas\compresores\01-compresor-de-aire-para-auto.md,publicada,4,sí,sí,sí,sí,sí,0
/compresores/para-pintar/,paginas\compresores\21-compresor-para-pintar.md,publicada,12,sí,sí,sí,sí,sí,0
/compresores/pistola-para-pintar/,paginas\compresores\05-pistola-para-pintar-con-compresor.md,publicada,3,sí,sí,sí,sí,sí,0
/compresores/sin-aceite/,paginas\compresores\15-compresor-sin-aceite.md,publicada,7,sí,sí,sí,sí,sí,0
/compresores/stanley/,paginas\compresores\20-compresor-stanley.md,publicada,10,sí,sí,sí,sí,sí,0
/generadores/a-gas/,paginas\generadores\19-generadores-a-gas.md,publicada,14,sí,sí,sí,sí,sí,0
/generadores/a-nafta/,paginas\generadores\08-generadores-a-nafta.md,publicada,17,sí,sí,sí,sí,sí,0
/generadores/chicos/,paginas\generadores\21-grupos-electrogenos-chicos.md,publicada,5,sí,sí,sí,sí,sí,0
/generadores/comparativa-general/,paginas\generadores\01-grupos-electrogenos.md,publicada,10,sí,sí,sí,sí,sí,0
/generadores/diesel/,paginas\generadores\14-generadores-diesel.md,publicada,12,sí,sí,sí,sí,sí,0
/generadores/estacion-de-energia-portatil/,paginas\generadores\20-estaciones-de-energia-portatiles.md,publicada,9,sí,sí,sí,sí,sí,0
/generadores/gamma-6500/,paginas\generadores\10-gamma-6500.md,publicada,5,sí,sí,sí,sí,sí,0
/generadores/gamma-950/,paginas\generadores\17-gamma-950.md,publicada,4,sí,sí,sí,sí,sí,0
/generadores/gamma/,paginas\generadores\12-generadores-gamma.md,publicada,12,sí,sí,sí,sí,sí,0
/generadores/honda-6500/,paginas\generadores\04-honda-6500.md,publicada,7,sí,sí,sí,sí,sí,0
/generadores/honda/,paginas\generadores\03-grupos-electrogenos-honda.md,publicada,9,sí,sí,sí,sí,sí,0
/generadores/hyundai/,paginas\generadores\09-generadores-hyundai.md,publicada,16,sí,sí,sí,sí,sí,0
/generadores/inverter/,paginas\generadores\06-generadores-inverter.md,publicada,9,sí,sí,sí,sí,sí,0
/generadores/lusqtoff/,paginas\generadores\11-generadores-lusqtoff.md,publicada,20,sí,sí,sí,sí,sí,0
/generadores/monofasicos/,paginas\generadores\13-grupos-electrogenos-monofasicos.md,publicada,7,sí,sí,sí,sí,sí,0
/generadores/niwa/,paginas\generadores\18-generadores-niwa.md,publicada,9,sí,sí,sí,sí,sí,0
/generadores/para-casa/,paginas\generadores\05-generador-para-casa.md,publicada,9,sí,sí,sí,sí,sí,0
/generadores/portatiles/,paginas\generadores\15-generadores-portatiles.md,publicada,8,sí,sí,sí,sí,sí,0
/generadores/precios/,paginas\generadores\02-precios-de-grupos-electrogenos.md,publicada,10,sí,sí,sí,sí,sí,0
/generadores/silenciosos/,paginas\generadores\16-generadores-silenciosos.md,publicada,11,sí,sí,sí,sí,sí,0
/generadores/trifasicos/,paginas\generadores\07-generadores-trifasicos.md,publicada,7,sí,sí,sí,sí,sí,0
/hidrolavadoras/150-bar/,paginas\hidrolavadoras\18-hidrolavadora-150-bar.md,publicada,12,sí,sí,sí,sí,sí,0
/hidrolavadoras/200-bar/,paginas\hidrolavadoras\19-hidrolavadora-200-bar.md,publicada,7,sí,sí,sí,sí,sí,1
/hidrolavadoras/black-decker/,paginas\hidrolavadoras\07-hidrolavadoras-black-decker.md,publicada,9,sí,sí,sí,sí,sí,0
/hidrolavadoras/bosch/,paginas\hidrolavadoras\06-hidrolavadoras-bosch.md,publicada,9,sí,sí,sí,sí,sí,0
/hidrolavadoras/comparativa-general/,paginas\hidrolavadoras\01-hidrolavadoras.md,publicada,6,sí,sí,sí,sí,sí,1
/hidrolavadoras/einhell/,paginas\hidrolavadoras\13-hidrolavadoras-einhell.md,publicada,11,sí,sí,sí,sí,sí,0
/hidrolavadoras/gamma-130/,paginas\hidrolavadoras\14-hidrolavadora-gamma-130.md,publicada,5,sí,sí,sí,sí,sí,0
/hidrolavadoras/gamma-150/,paginas\hidrolavadoras\10-hidrolavadora-gamma-150.md,publicada,5,sí,sí,sí,sí,sí,0
/hidrolavadoras/gamma/,paginas\hidrolavadoras\04-hidrolavadoras-gamma.md,publicada,19,sí,sí,sí,sí,sí,0
/hidrolavadoras/hidrolavadora-para-aire-acondicionado/,paginas\hidrolavadoras\23-hidrolavadora-para-aire-acondicionado.md,publicada,5,sí,sí,sí,sí,sí,0
/hidrolavadoras/hyundai/,paginas\hidrolavadoras\15-hidrolavadoras-hyundai.md,publicada,12,sí,sí,sí,sí,sí,0
/hidrolavadoras/inalambricas/,paginas\hidrolavadoras\02-hidrolavadora-inalambrica.md,publicada,5,sí,sí,sí,sí,sí,0
/hidrolavadoras/karcher-k2/,paginas\hidrolavadoras\08-hidrolavadora-karcher-k2.md,publicada,7,sí,sí,sí,sí,sí,0
/hidrolavadoras/karcher-k3/,paginas\hidrolavadoras\12-hidrolavadora-karcher-k3.md,publicada,8,sí,sí,sí,sí,sí,0
/hidrolavadoras/karcher-k4/,paginas\hidrolavadoras\17-hidrolavadora-karcher-k4.md,publicada,7,sí,sí,sí,sí,sí,0
/hidrolavadoras/karcher-k5/,paginas\hidrolavadoras\09-hidrolavadora-karcher-k5.md,publicada,7,sí,sí,sí,sí,sí,0
/hidrolavadoras/karcher/,paginas\hidrolavadoras\21-hidrolavadoras-karcher.md,publicada,11,sí,sí,sí,sí,sí,0
/hidrolavadoras/lusqtoff-hl-120/,paginas\hidrolavadoras\16-hidrolavadora-lusqtoff-hl-120.md,publicada,7,sí,sí,sí,sí,sí,0
/hidrolavadoras/lusqtoff/,paginas\hidrolavadoras\03-hidrolavadoras-lusqtoff.md,publicada,12,sí,sí,sí,sí,sí,1
/hidrolavadoras/niwa/,paginas\hidrolavadoras\20-hidrolavadoras-niwa.md,publicada,16,sí,sí,sí,sí,sí,1
/hidrolavadoras/para-autos/,paginas\hidrolavadoras\22-hidrolavadoras-para-autos.md,publicada,7,sí,sí,sí,sí,sí,0
/hidrolavadoras/profesionales/,paginas\hidrolavadoras\11-hidrolavadora-profesional.md,publicada,8,sí,sí,sí,sí,sí,0
/hidrolavadoras/stihl/,paginas\hidrolavadoras\05-hidrolavadoras-stihl.md,publicada,18,sí,sí,sí,sí,sí,0
/sierras/bosch-gks-150/,paginas\sierras\16-sierra-circular-bosch-gks-150.md,publicada,6,sí,sí,sí,sí,sí,0
/sierras/caladoras-black-decker/,paginas\sierras\25-caladoras-black-decker.md,publicada,2,sí,sí,sí,sí,sí,0
/sierras/caladoras-einhell/,paginas\sierras\18-caladora-einhell.md,publicada,3,sí,sí,sí,sí,sí,0
/sierras/caladoras-skil/,paginas\sierras\10-caladora-skil.md,publicada,6,sí,sí,sí,sí,sí,0
/sierras/caladoras/,paginas\sierras\04-sierra-caladora.md,publicada,7,sí,sí,sí,sí,sí,0
/sierras/circulares-black-decker/,paginas\sierras\17-sierra-circular-black-and-decker.md,publicada,4,sí,sí,sí,sí,sí,0
/sierras/circulares-lusqtoff/,paginas\sierras\20-sierra-circular-lusqtoff.md,publicada,6,sí,sí,sí,sí,sí,1
/sierras/circulares/,paginas\sierras\01-sierra-circular.md,publicada,4,sí,sí,sí,sí,sí,1
/sierras/de-banco-einhell/,paginas\sierras\09-sierra-de-banco-einhell.md,publicada,5,sí,sí,sí,sí,sí,0
/sierras/de-banco-lusqtoff/,paginas\sierras\26-sierra-de-banco-lusqtoff.md,publicada,5,sí,sí,sí,sí,sí,1
/sierras/de-banco/,paginas\sierras\06-sierra-de-banco.md,publicada,6,sí,sí,sí,sí,sí,0
/sierras/disco-para-sierra-circular/,paginas\sierras\15-disco-para-sierra-circular.md,publicada,5,sí,sí,sí,sí,sí,0
/sierras/guia-para-sierra-circular/,paginas\sierras\11-guia-para-sierra-circular.md,publicada,6,sí,sí,sí,sí,sí,0
/sierras/ingletadoras-dewalt/,paginas\sierras\13-ingletadora-dewalt.md,publicada,5,sí,sí,sí,sí,sí,1
/sierras/ingletadoras-einhell/,paginas\sierras\08-ingletadora-einhell.md,publicada,2,sí,sí,sí,sí,sí,1
/sierras/ingletadoras-total/,paginas\sierras\14-ingletadora-total.md,publicada,2,sí,sí,sí,sí,sí,0
/sierras/ingletadoras/,paginas\sierras\21-ingletadoras.md,publicada,2,sí,sí,sí,sí,sí,0
/sierras/sable/,paginas\sierras\03-sierra-sable.md,publicada,3,sí,sí,sí,sí,sí,0
/sierras/sensitivas-dewalt/,paginas\sierras\12-sensitiva-dewalt.md,publicada,6,sí,sí,sí,sí,sí,1
/sierras/sensitivas-lusqtoff/,paginas\sierras\27-sensitiva-lusqtoff.md,publicada,4,sí,sí,sí,sí,sí,0
/sierras/sensitivas-total/,paginas\sierras\29-sensitiva-total.md,publicada,1,sí,sí,sí,sí,sí,0
/sierras/sensitivas/,paginas\sierras\02-sensitiva.md,publicada,7,sí,sí,sí,sí,sí,1
/sierras/sierra-caladora-bosch/,paginas\sierras\22-caladoras-bosch.md,publicada,6,sí,sí,sí,sí,sí,0
/sierras/sierra-circular-dewalt-dwe560/,paginas\sierras\23-sierra-circular-dewalt-dwe560.md,publicada,2,sí,sí,sí,sí,sí,1
/sierras/sierra-circular-inalambrica/,paginas\sierras\30-sierra-circular-inalambrica.md,publicada,6,sí,sí,sí,sí,sí,0
/sierras/sierra-sable-inalambrica/,paginas\sierras\19-sierra-sable-inalambrica.md,publicada,3,sí,sí,sí,sí,sí,0
/sierras/sierra-sin-fin-para-madera/,paginas\sierras\05-sierra-sin-fin-para-madera.md,publicada,9,sí,sí,sí,sí,sí,0
/sierras/sin-fin-lusqtoff/,paginas\sierras\28-sierra-sin-fin-lusqtoff.md,publicada,5,sí,sí,sí,sí,sí,0
/sierras/sin-fin-metal/,paginas\sierras\07-sierra-sin-fin-para-metal.md,publicada,6,sí,sí,sí,sí,sí,0
/sierras/stanley-sc16/,paginas\sierras\24-stanley-sc16.md,publicada,2,sí,sí,sí,sí,sí,0
/soldadoras/,paginas\soldadoras\00-soldadoras.md,publicada,5,sí,sí,sí,sí,sí,0
/soldadoras/alambre-flux/,paginas\soldadoras\13-alambre-flux.md,publicada,6,sí,sí,sí,sí,sí,0
/soldadoras/alambre-para-soldadura-mig/,paginas\soldadoras\08-alambre-para-soldadura-mig.md,publicada,10,sí,sí,sí,sí,sí,0
/soldadoras/carro-para-soldadora-mig/,paginas\soldadoras\25-carro-para-soldadora-mig.md,publicada,2,sí,sí,sí,sí,sí,0
/soldadoras/electrodo-6013/,paginas\soldadoras\10-electrodo-6013.md,publicada,6,sí,sí,sí,sí,sí,0
/soldadoras/electrodo-7018/,paginas\soldadoras\01-electrodo-7018.md,publicada,5,sí,sí,sí,sí,sí,0
/soldadoras/electrodo-para-acero-inoxidable/,paginas\soldadoras\16-electrodo-para-acero-inoxidable.md,publicada,4,sí,sí,sí,sí,sí,0
/soldadoras/electrodo-para-fundicion/,paginas\soldadoras\12-electrodo-para-fundicion.md,publicada,5,sí,sí,sí,sí,sí,0
/soldadoras/esab-handyarc-162i/,paginas\soldadoras\26-esab-handyarc-162i.md,publicada,5,sí,sí,sí,sí,sí,0
/soldadoras/esab/,paginas\soldadoras\15-soldadora-esab.md,publicada,9,sí,sí,sí,sí,sí,0
/soldadoras/guantes/,paginas\soldadoras\05-guantes-para-soldar.md,publicada,5,sí,sí,sí,sí,sí,0
/soldadoras/lusqtoff-iron-100/,paginas\soldadoras\21-soldadora-lusqtoff-iron-100.md,publicada,4,sí,sí,sí,sí,sí,0
/soldadoras/lusqtoff-iron-250/,paginas\soldadoras\18-soldadora-lusqtoff-iron-250.md,publicada,4,sí,sí,sí,sí,sí,0
/soldadoras/lusqtoff-sml120-8d/,paginas\soldadoras\24-soldadora-lusqtoff-sml120-8d.md,publicada,5,sí,sí,sí,sí,sí,0
/soldadoras/lusqtoff-sml130-7/,paginas\soldadoras\28-soldadora-lusqtoff-sml130-7.md,publicada,7,sí,sí,sí,sí,sí,0
/soldadoras/lusqtoff-sml150-8/,paginas\soldadoras\23-soldadora-lusqtoff-sml150-8.md,publicada,4,sí,sí,sí,sí,sí,0
/soldadoras/lusqtoff/,paginas\soldadoras\02-soldadora-lusqtoff.md,publicada,12,sí,sí,sí,sí,sí,0
/soldadoras/mascara-lusqtoff-st-1x/,paginas\soldadoras\27-mascara-lusqtoff-st-1x.md,publicada,9,sí,sí,sí,sí,sí,0
/soldadoras/mascaras-fotosensibles/,paginas\soldadoras\09-mascara-de-soldar-fotosensible.md,publicada,7,sí,sí,sí,sí,sí,0
/soldadoras/mig-lusqtoff/,paginas\soldadoras\22-soldadora-mig-lusqtoff.md,publicada,9,sí,sí,sí,sí,sí,0
/soldadoras/mig-sin-gas/,paginas\soldadoras\07-soldadora-mig-sin-gas.md,publicada,11,sí,sí,sí,sí,sí,1
/soldadoras/para-aluminio/,paginas\soldadoras\17-soldadora-para-aluminio.md,publicada,6,sí,sí,sí,sí,sí,0
/soldadoras/soldadora-de-punto/,paginas\soldadoras\03-soldadora-de-punto.md,publicada,7,sí,sí,sí,sí,no,0
/soldadoras/soldadora-dogo-180/,paginas\soldadoras\14-soldadora-dogo-180.md,publicada,5,sí,sí,sí,sí,sí,0
/soldadoras/soldadora-inverter-160-amp/,paginas\soldadoras\20-soldadora-inverter-160-amp.md,publicada,3,sí,sí,sí,sí,sí,0
/soldadoras/soldadora-inverter-200-amp/,paginas\soldadoras\11-soldadora-inverter-200-amp.md,publicada,3,sí,sí,sí,sí,sí,0
/soldadoras/soldadora-mig-con-gas/,paginas\soldadoras\04-soldadora-mig-con-gas.md,publicada,6,sí,sí,sí,sí,sí,0
/soldadoras/soldadora-tig-ac-dc/,paginas\soldadoras\19-soldadora-tig-ac-dc.md,publicada,7,sí,sí,sí,sí,sí,0
/soldadoras/tig/,paginas\soldadoras\06-soldadora-tig.md,publicada,7,sí,sí,sí,sí,sí,0
/soldadura-electronica/estacion-de-soldadura/,paginas\soldadura-electronica\02-estacion-de-soldadura.md,publicada,5,sí,sí,sí,sí,sí,0
/soldadura-electronica/gadnic-878d/,paginas\soldadura-electronica\03-gadnic-878d.md,publicada,3,sí,sí,sí,sí,sí,0
/soldadura-electronica/kit-soldador-de-estano/,paginas\soldadura-electronica\01-kit-soldador-de-estano.md,publicada,3,sí,sí,sí,sí,sí,0
/soldadura-electronica/soporte-para-soldar-con-lupa/,paginas\soldadura-electronica\05-soporte-para-soldar-con-lupa.md,publicada,3,sí,sí,sí,sí,sí,0
/soldadura-electronica/yihua-898d/,paginas\soldadura-electronica\04-yihua-898d.md,publicada,3,sí,sí,sí,sí,sí,0
/taladros/atornillador-impacto-dewalt/,paginas\taladros\19-atornillador-de-impacto-dewalt.md,publicada,8,sí,sí,sí,sí,sí,0
/taladros/atornilladores-de-impacto/,paginas\taladros\05-atornillador-de-impacto.md,publicada,5,sí,sí,sí,sí,sí,0
/taladros/black-decker/,paginas\taladros\09-taladro-black-decker.md,publicada,5,sí,sí,sí,sí,sí,0
/taladros/bosch-inalambrico/,paginas\taladros\20-taladro-inalambrico-bosch.md,publicada,4,sí,sí,sí,sí,sí,0
/taladros/brocas-ceramica/,paginas\taladros\17-brocas-para-ceramica.md,publicada,3,sí,sí,sí,sí,sí,0
/taladros/combo-taladro-amoladora/,paginas\taladros\23-combo-taladro-amoladora.md,publicada,7,sí,sí,sí,sí,sí,0
/taladros/dewalt-inalambrico/,paginas\taladros\13-taladro-inalambrico-dewalt.md,publicada,3,sí,sí,sí,sí,sí,0
/taladros/einhell-inalambrico/,paginas\taladros\12-taladro-inalambrico-einhell.md,publicada,4,sí,sí,sí,sí,sí,0
/taladros/inalambricos/,paginas\taladros\01-taladro-inalambrico.md,publicada,5,sí,sí,sí,sí,sí,1
/taladros/lusqtoff-inalambrico/,paginas\taladros\16-taladro-inalambrico-lusqtoff.md,publicada,5,sí,sí,sí,sí,sí,0
/taladros/mecha-forstner-35-mm/,paginas\taladros\22-mecha-forstner-35-mm.md,publicada,6,sí,sí,sí,sí,sí,0
/taladros/mecha-porcelanato/,paginas\taladros\14-mecha-para-porcelanato.md,publicada,6,sí,sí,sí,sí,sí,0
/taladros/mechas-escalonadas/,paginas\taladros\21-mechas-escalonadas.md,publicada,4,sí,sí,sí,sí,sí,0
/taladros/milwaukee/,paginas\taladros\15-taladro-milwaukee.md,publicada,9,sí,sí,sí,sí,sí,0
/taladros/para-durlock/,paginas\taladros\08-atornillador-para-durlock.md,publicada,6,sí,sí,sí,sí,sí,0
/taladros/percutores/,paginas\taladros\03-taladro-percutor.md,publicada,3,sí,sí,sí,sí,sí,0
/taladros/rotomartillo-bosch/,paginas\taladros\06-rotomartillo-bosch.md,publicada,5,sí,sí,sí,sí,sí,0
/taladros/rotomartillo-dewalt/,paginas\taladros\11-rotomartillo-dewalt.md,publicada,5,sí,sí,sí,sí,sí,0
/taladros/rotomartillo-einhell/,paginas\taladros\10-rotomartillo-einhell.md,publicada,7,sí,sí,sí,sí,sí,0
/taladros/rotomartillos/,paginas\taladros\02-rotomartillo.md,publicada,10,sí,sí,sí,sí,sí,1
/taladros/stanley/,paginas\taladros\18-taladro-stanley.md,publicada,7,sí,sí,sí,sí,sí,0
/taladros/taladro-de-banco/,paginas\taladros\04-taladro-de-banco.md,publicada,6,sí,sí,sí,sí,sí,0
/taladros/taladro-percutor-inalambrico/,paginas\taladros\07-taladro-percutor-inalambrico.md,publicada,7,sí,sí,sí,sí,sí,0
