url,keyword_declarada,title,h1,respuesta_inicial,palabras_intro_antes,palabras_intro_ahora,estado,archivo
/amoladoras/,como elegir una amoladora,"Cómo elegir una amoladora: tipos, medidas y marcas",Qué amoladora comprar según el trabajo y el presupuesto,"Elegí la amoladora por el material, la profundidad de corte y la frecuencia de uso; después compará diámetro de disco, alimentación, protecciones y costo de los consumibles. La máquina más potente no resuelve por sí sola un disco incorrecto.",92,39,borrador: revision de fuentes pendiente,paginas/00-amoladoras.md
/amoladoras/115-o-125/,amoladora 115,Amoladora de 115 o 125 mm: diferencias y elección,Amoladora de 115 o 125 mm: cuál elegir para tu trabajo,"Elegí 115 mm si priorizás maniobrabilidad en cortes y retoques pequeños; considerá 125 mm cuando necesitás algo más de alcance o superficie de desbaste. En ambos casos, el disco debe ser compatible con la guarda y las RPM de la máquina.",59,41,borrador: revision de fuentes pendiente,paginas/20-amoladora-115-o-125.md
/amoladoras/7-pulgadas/,amoladora 7 pulgadas,Amoladora de 7 pulgadas: cómo elegir una de 180 mm,Amoladoras de 7 pulgadas y 180 mm: cuándo elegirlas,"Una amoladora de 180 mm tiene sentido cuando 115 o 125 mm no alcanzan para el corte previsto y una de 230 mm resulta excesiva para la tarea. Compará profundidad útil, peso, potencia y disponibilidad de discos de 7 pulgadas antes de decidir.",72,43,borrador: revision de fuentes pendiente,paginas/19-amoladora-7-pulgadas.md
/amoladoras/9-pulgadas/,amoladora 9 pulgadas,Amoladora de 9 pulgadas: cuándo conviene una de 230 mm,Amoladoras de 9 pulgadas y 230 mm: usos y elección,"Elegí una amoladora de 230 mm para cortes profundos y desbaste pesado que justifiquen su peso y exigencia de manejo. Para trabajos pequeños, comprobá si una de 115, 125 o 180 mm cubre la tarea con mejor control.",143,38,borrador: revision de fuentes pendiente,paginas/12-amoladora-de-9-pulgadas.md
/amoladoras/bosch/,amoladora bosch,Amoladoras Bosch: modelos y diferencias para elegir,Qué amoladora Bosch elegir según el trabajo,"Compará las amoladoras Bosch por código exacto, diámetro admitido, potencia y protecciones; no elijas solo por la marca o la serie GWS. Para un uso concreto, verificá también si el modelo viene con el disco y los accesorios necesarios.",136,39,borrador: revision de fuentes pendiente,paginas/10-amoladoras-bosch.md
/amoladoras/de-banco/,amoladora de banco,Amoladora de banco: cómo elegir para tu taller,Amoladoras de banco: cuál elegir para afilar y desbastar,"Para afilar, elegí una amoladora de banco según diámetro y grano de las muelas, potencia y estabilidad del equipo. Para desbaste más intenso, comprobá el régimen de trabajo y la compatibilidad de cada muela con el material.",105,37,borrador: revision de fuentes pendiente,paginas/06-amoladora-de-banco.md
/amoladoras/dewalt/,amoladora dewalt,Amoladoras DeWalt: modelos y cómo elegir,Qué amoladora DeWalt elegir según el uso,"Elegí una DeWalt según el tamaño de disco que exige el trabajo y las protecciones del modelo concreto; compará potencia y tipo de interruptor entre códigos, no entre nombres de marca. Confirmá la variante y los accesorios incluidos antes de comprar.",134,41,borrador: revision de fuentes pendiente,paginas/03-amoladoras-dewalt.md
/amoladoras/disco-de-corte/,disco de corte para amoladora,Disco de corte para amoladora: cuál elegir según el material,Cómo elegir un disco de corte para amoladora,"Elegí el disco de corte por material, diámetro admitido, espesor y RPM máximas indicadas en la etiqueta. Un disco para metal no se sustituye sin más por uno para mampostería o por un disco de desbaste.",113,36,borrador: revision de fuentes pendiente,paginas/16-disco-de-corte.md
/amoladoras/disco-de-desbaste/,disco de desbaste,Disco de desbaste: cómo elegirlo para metal,"Discos de desbaste para metal: usos, medidas y elección","Usá un disco de desbaste para remover metal y preparar superficies, y elegí diámetro, espesor y abrasivo según el material. Verificá siempre que las RPM admitidas por el disco superen las de la amoladora.",93,34,borrador: revision de fuentes pendiente,paginas/04-disco-de-desbaste.md
/amoladoras/disco-diamantado-segmentado/,disco diamantado segmentado,Disco diamantado segmentado: usos y cómo elegir,Disco diamantado segmentado: para qué sirve y cuándo elegirlo,"Un disco diamantado segmentado sirve para materiales de construcción compatibles con su etiqueta y conviene cuando importa evacuar residuos y sostener el avance de corte. Para acabados delicados, comparalo con borde continuo o turbo antes de elegir.",128,37,borrador: revision de fuentes pendiente,paginas/14-disco-diamantado-segmentado.md
/amoladoras/disco-flap/,disco flap,Disco flap: para qué sirve y qué grano elegir,"Disco flap: cómo elegir grano, medida y abrasivo","Elegí el grano del disco flap según cuánto material querés retirar y la terminación buscada; después comprobá abrasivo, diámetro y RPM. Un grano grueso desbasta más, mientras que uno fino deja una superficie más uniforme.",100,35,borrador: revision de fuentes pendiente,paginas/01-disco-flap.md
/amoladoras/discos-ceramica/,disco para cortar ceramica,Disco para cortar cerámica: cómo elegirlo,Qué disco elegir para cortar cerámica con amoladora,"Para cortar cerámica con amoladora, elegí un disco diamantado compatible con el revestimiento, la máquina y el acabado que necesitás. Distinguí cerámica de porcelanato y comprobá diámetro, eje y velocidad máxima.",90,31,borrador: revision de fuentes pendiente,paginas/09-disco-para-cortar-ceramica.md
/amoladoras/discos-vidrio/,disco para cortar vidrio,Disco para cortar vidrio: cuál elegir y qué comprobar,"Disco para cortar vidrio: tipos, compatibilidad y límites","Antes de comprar un disco anunciado para vidrio, verificá qué tipo de vidrio admite, su diámetro, eje y RPM, y si está aprobado para esa amoladora. Para un corte recto simple, compará también la opción de un cortavidrios manual.",68,39,borrador: revision de fuentes pendiente,paginas/24-disco-para-cortar-vidrio.md
/amoladoras/discos/,discos para amoladora,"Discos para amoladora: tipos, usos y compatibilidad",Discos para amoladora: cuál usar según el trabajo,"Elegí el disco de amoladora por material y operación: corte, desbaste o terminación requieren accesorios distintos. Confirmá diámetro, agujero central, guarda y RPM de la máquina antes de montarlo.",104,29,borrador: revision de fuentes pendiente,paginas/02-discos-para-amoladora.md
/amoladoras/dowen-pagio/,amoladora dowen pagio,Amoladoras Dowen Pagio: cómo elegir la de 900 W,Amoladoras Dowen Pagio: qué revisar en la 9993220.7,"Para evaluar la Dowen Pagio 9993220.7, confirmá primero el código exacto de la publicación; luego compará potencia, disco admitido, velocidad y contenido de la caja. No atribuyas a esa variante datos de otra amoladora Dowen Pagio.",37,36,borrador: revision de fuentes pendiente,paginas/23-amoladoras-dowen-pagio.md
/amoladoras/gamma/,amoladora gamma,Amoladoras Gamma: modelos y qué revisar antes de comprar,Amoladoras Gamma: cómo elegir entre máquina y kit,"Entre una amoladora Gamma sola y un kit, elegí por el código del modelo y por los discos y accesorios que realmente vas a usar. Compará el costo total del conjunto, no solo el precio inicial del aviso.",55,38,borrador: revision de fuentes pendiente,paginas/21-amoladoras-gamma.md
/amoladoras/inalambricas/,amoladora inalambrica,Amoladoras inalámbricas: cómo elegir batería y modelo,Amoladoras inalámbricas: qué conviene comprar y qué incluye el kit,"Una amoladora inalámbrica conviene cuando la movilidad compensa el costo y la autonomía de las baterías. Compará diámetro, plataforma, capacidad de batería y si el aviso incluye cargador o solo la máquina.",135,32,borrador: revision de fuentes pendiente,paginas/08-amoladoras-inalambricas.md
/amoladoras/ingco/,amoladora ingco,Amoladoras Ingco: modelos con cable y a batería,Qué amoladora Ingco elegir según el uso,"Elegí una Ingco por tarea y código: compará diámetro, potencia en las versiones con cable y plataforma de batería en las inalámbricas. Confirmá el contenido del kit y el disco adecuado antes de decidir.",153,34,borrador: revision de fuentes pendiente,paginas/17-amoladoras-ingco.md
/amoladoras/lusqtoff/,amoladora lusqtoff,Amoladoras Lusqtoff: modelos y qué revisar,Amoladoras Lusqtoff: cómo comparar modelos con cable y batería,"Para comparar amoladoras Lüsqtoff, separá los modelos con cable de los de batería y verificá el código exacto. Diámetro, potencia o plataforma y contenido del kit importan más que el nombre de la marca.",111,34,borrador: revision de fuentes pendiente,paginas/11-amoladoras-lusqtoff.md
/amoladoras/makita/,amoladora makita,Amoladoras Makita: modelos y diferencias,Qué amoladora Makita elegir: modelos y diferencias de uso,"Entre las Makita compactas, compará GA4530 y 9557HPG por diámetro, potencia, interruptor y trabajo previsto. Si necesitás más profundidad o movilidad, evaluá por separado las familias de mayor tamaño o a batería.",143,32,borrador: revision de fuentes pendiente,paginas/07-amoladoras-makita.md
/amoladoras/recta/,amoladora recta,"Amoladora recta: eléctrica o neumática, cuál elegir",Amoladoras rectas: usos y diferencias entre eléctricas y neumáticas,Elegí una amoladora recta para desbarbar o trabajar en cavidades a las que no llega una angular. La versión eléctrica evita depender de aire comprimido; la neumática exige comprobar caudal y presión disponibles en el taller.,104,36,borrador: revision de fuentes pendiente,paginas/05-amoladora-recta.md
/amoladoras/skil-830w/,amoladora skil 830w,Amoladora Skil de 830 W: qué revisar antes de comprar,Amoladora Skil de 830 W: prestaciones y diferencias frente a 700 W,"Para comparar una Skil de 830 W con una de 700 W, identificá ambos códigos y revisá diámetro, velocidad, peso y accesorios, además de la potencia nominal. La cifra en watts por sí sola no demuestra mejor resultado de corte.",139,40,borrador: revision de fuentes pendiente,paginas/13-amoladora-skil-830w.md
/amoladoras/stanley/,amoladora stanley,Amoladoras Stanley: cómo elegir el modelo,"Amoladoras Stanley: modelos, usos y qué revisar antes de comprar","Elegí una Stanley por el trabajo y el modelo exacto: diámetro y potencia para corte o desbaste, protecciones para el uso previsto y plataforma si es a batería. Comprobá garantía y contenido del aviso antes de comparar precios.",136,38,borrador: revision de fuentes pendiente,paginas/15-amoladoras-stanley.md
/amoladoras/total/,amoladora total,Amoladoras Total: qué revisar en los modelos de 115 mm,Amoladoras Total: cómo elegir una de 115 mm,"Para elegir una Total de 115 mm, empezá por confirmar el código de modelo del aviso. Después compará potencia, RPM, protecciones, accesorios y garantía con otras compactas de la misma medida.",67,31,borrador: revision de fuentes pendiente,paginas/22-amoladoras-total.md
/amoladoras/velocidad-variable/,amoladora velocidad variable,Amoladora de velocidad variable: cuándo conviene,Amoladoras de velocidad variable: usos y modelos para comparar,Elegí velocidad variable cuando el material o el accesorio requiere trabajar por debajo de las RPM fijas habituales. Comprobá el rango real de giro y la velocidad admitida por cada disco antes de usar la regulación.,124,36,borrador: revision de fuentes pendiente,paginas/18-amoladora-velocidad-variable.md
/compresores/100-litros/,compresor de 100 litros,Compresor de 100 litros: comparativa y guía de compra,Qué compresor de 100 litros elegir para tu taller,"Para elegir un compresor de 100 litros, calculá primero el consumo de aire de las herramientas a su presión de trabajo y comparalo con el caudal de salida del equipo. El tanque aporta reserva, pero no reemplaza un motor y cabezal capaces de reponer aire.",130,45,borrador: revision de fuentes pendiente,paginas/compresores/11-compresor-de-100-litros.md
/compresores/12v-doble-piston/,compresor 12v doble piston,"Compresor 12V doble pistón: caudal, conexión y cuál elegir",Compresor 12V doble pistón: guía para elegirlo,"Un compresor de 12 V y doble pistón conviene si necesitás inflar neumáticos lejos de una toma de red. Compará caudal real, ciclo de trabajo, conexión eléctrica y alcance de la manguera; la presión máxima anunciada no indica por sí sola cuánto tarda en inflar.",121,45,borrador: revision de fuentes pendiente,paginas/compresores/23-compresor-12v-doble-piston.md
/compresores/200-litros/,compresor de 200 litros,Compresor de 200 litros: cuál elegir para tu taller,Compresores de 200 litros: guía de compra para taller,"Elegí un compresor de 200 litros solo después de verificar el caudal de salida y el ciclo de trabajo que exige tu taller. Sumá espacio, alimentación eléctrica, mantenimiento y herramientas simultáneas al cálculo: el volumen del tanque no define el rendimiento continuo.",112,42,borrador: revision de fuentes pendiente,paginas/compresores/16-compresor-de-200-litros.md
/compresores/24-litros/,compresor de 24 litros,Compresor de 24 litros: para qué sirve y cuál elegir,Compresor de 24 litros: para qué sirve y cuál elegir,"Un compresor de 24 litros sirve para inflado, soplado y herramientas de consumo intermitente si su caudal de salida alcanza para ellas. Para pintar o usar herramientas continuas, compará el consumo a la presión requerida antes de elegir un modelo.",113,40,borrador: revision de fuentes pendiente,paginas/compresores/18-compresor-de-24-litros.md
/compresores/aceite/,aceite para compresor de aire,Aceite para compresor de aire: cuál lleva y cómo elegir,Qué aceite lleva un compresor de aire,"El aceite correcto para un compresor es el que especifica el manual del modelo y su tipo de bomba. Identificá el código del equipo, la viscosidad exigida y el intervalo de cambio; los compresores sin aceite no reciben lubricante en el cárter.",103,42,borrador: revision de fuentes pendiente,paginas/compresores/08-aceite-para-compresor-de-aire.md
/compresores/acoples-rapidos/,acople rapido para compresor,"Acople rápido para compresor: perfiles, roscas y medidas","Acople rápido para compresor: perfiles, roscas y medidas","Elegí un acople rápido comparando perfil, diámetro y rosca de las dos piezas que querés unir. Una conexión que parece encajar puede perder aire si el perfil o la rosca no corresponden.",116,32,borrador: revision de fuentes pendiente,paginas/compresores/06-acople-rapido-para-compresor.md
/compresores/bta-25-litros/,compresor bta 25 litros,Compresor BTA de 25 litros: prestaciones y compra,Compresor BTA de 25 litros: para quién conviene,"Un BTA de 25 litros conviene para tareas breves si su caudal útil alcanza para el accesorio que vas a usar. Confirmá el código del modelo, alimentación, presión de trabajo y contenido del kit antes de asumir que sirve para pintar de forma continua.",116,44,borrador: revision de fuentes pendiente,paginas/compresores/17-compresor-bta-25-litros.md
/compresores/filtros/,filtro de aire para compresor,Filtro de aire para compresor: cómo elegir el repuesto,Filtro de aire para compresor: cómo elegir el repuesto,"Para reemplazar el filtro de aire de un compresor, buscá el código del cabezal o del filtro original y comprobá rosca, tamaño y capacidad. Un repuesto que encaja físicamente debe también permitir el caudal de admisión requerido.",114,37,borrador: revision de fuentes pendiente,paginas/compresores/10-filtro-de-aire-para-compresor.md
/compresores/gamma-50-litros/,compresor gamma 50 litros,Compresor Gamma de 50 litros: modelos y prestaciones,Compresor Gamma de 50 litros: guía de compra,"Antes de elegir un Gamma de 50 litros, confirmá si el aviso corresponde al G2802AR o al kit G2802KAR y qué accesorios incluye. Compará caudal de salida a la presión de uso; el desplazamiento declarado no demuestra rendimiento útil.",127,39,borrador: revision de fuentes pendiente,paginas/compresores/12-compresor-gamma-50-litros.md
/compresores/inalambricos/,compresor inalambrico,Compresor inalámbrico: autonomía y guía de compra,Cómo elegir un compresor inalámbrico a batería,"Elegí un compresor inalámbrico según lo que necesitás inflar, el tiempo de trabajo y la batería incluida. Distinguí un inflador portátil de un compresor con tanque: no sirven para las mismas herramientas neumáticas.",109,33,borrador: revision de fuentes pendiente,paginas/compresores/19-compresor-inalambrico.md
/compresores/inflador-neumaticos-portatil/,inflador de neumáticos portátil,"Inflador de neumáticos portátil: cómo elegir uno para auto, moto o bicicleta",Inflador de neumáticos portátil: cuál conviene según el uso,"Para elegir un inflador portátil, comprobá alimentación, caudal, manguera y precisión del manómetro para el tipo de neumático que usás. La presión máxima del anuncio no indica el tiempo que necesitará para inflarlo.",115,33,borrador: revision de fuentes pendiente,paginas/compresores/22-inflador-de-neumaticos-portatil.md
/compresores/kits-accesorios/,kit para compresor de aire,Kit para compresor de aire: accesorios que convienen,Qué kit de accesorios comprar para un compresor,"Comprá un kit para compresor según las tareas que vas a hacer y las conexiones que ya tiene tu equipo. Verificá perfil de acoples, roscas, longitud de manguera y consumo de cada pistola; un kit no incluye necesariamente el compresor.",109,40,borrador: revision de fuentes pendiente,paginas/compresores/13-kit-para-compresor-de-aire.md
/compresores/kits-aerografo/,aerografo con compresor,Aerógrafo con compresor: qué kit comprar para empezar,Kits de aerógrafo con compresor: guía para principiantes,"Para empezar con aerografía, elegí un kit que combine aerógrafo, compresor y regulador compatibles con el trabajo previsto. Confirmá boquilla, control de presión, manguera y disponibilidad de repuestos antes de comparar precios.",112,32,borrador: revision de fuentes pendiente,paginas/compresores/04-aerografo-con-compresor.md
/compresores/lusqtoff-100-litros/,compresor lusqtoff 100 litros,Compresor Lusqtoff de 100 litros: guía de compra,Compresor Lusqtoff de 100 litros: prestaciones y usos,"Para decidir si un Lüsqtoff de 100 litros sirve a tu taller, verificá el modelo exacto y su caudal entregado a la presión que usan tus herramientas. El tanque, la potencia anunciada y el caudal aspirado no bastan para prometer trabajo continuo.",127,42,borrador: revision de fuentes pendiente,paginas/compresores/14-compresor-lusqtoff-100-litros.md
/compresores/lusqtoff-50-litros/,compresor lusqtoff 50 litros,Compresor Lusqtoff de 50 litros: modelos y compra,Compresor Lusqtoff de 50 litros: cuál elegir,"Elegí un Lüsqtoff de 50 litros por código y caudal de salida comprobable, no solo por potencia o tanque. Las variantes pueden cambiar en accesorios y cabezal; pedí la ficha del equipo exacto y evitá convertir caudal aspirado en caudal útil por estimación.",125,43,borrador: revision de fuentes pendiente,paginas/compresores/09-compresor-lusqtoff-50-litros.md
/compresores/manguera/,manguera para compresor de aire,Manguera para compresor de aire: medidas y materiales,Cómo elegir una manguera para compresor de aire,"Elegí la manguera de compresor por presión admisible, diámetro interior, longitud y acoples compatibles. Una manguera demasiado estrecha o larga puede limitar el caudal que recibe la herramienta.",111,28,borrador: revision de fuentes pendiente,paginas/compresores/03-manguera-para-compresor-de-aire.md
/compresores/para-aerografo/,compresor para aerografo,Compresor para aerógrafo: cómo elegir el adecuado,Qué compresor comprar para tu aerógrafo,"Para un aerógrafo, priorizá presión regulable y estable, ruido aceptable y una salida compatible con la manguera. El compresor debe sostener el caudal que pide la boquilla; el tamaño del tanque es secundario frente a ese dato.",136,37,borrador: revision de fuentes pendiente,paginas/compresores/07-compresor-para-aerografo.md
/compresores/para-auto/,compresor de aire para auto,Compresor de aire para auto: cuál elegir,Compresor de aire para auto: cuál elegir,"Para el auto, elegí un inflador o compresor según el tamaño del neumático, la fuente de energía disponible y el tiempo de inflado tolerable. Compará caudal, ciclo de trabajo, longitud de cable y manómetro, no solo PSI máximos.",132,38,borrador: revision de fuentes pendiente,paginas/compresores/01-compresor-de-aire-para-auto.md
/compresores/para-pintar/,compresor para pintar,"Compresor para pintar: caudal, capacidad y cuál elegir",Qué compresor elegir para pintar,"Para pintar con compresor, compará el consumo de aire de la pistola con el caudal que entrega el equipo a la presión de aplicación. Elegí después tanque y ciclo de trabajo según el tamaño de la superficie y las pausas posibles.",182,41,borrador: revision de fuentes pendiente,paginas/compresores/21-compresor-para-pintar.md
/compresores/pistola-para-pintar/,pistola para pintar con compresor,Pistola para pintar con compresor: cuál elegir,Cómo elegir una pistola para pintar con compresor,"Elegí una pistola de pintar compatible con el caudal y la presión de salida de tu compresor. Boquilla, tipo de alimentación y material de pintura determinan el patrón y la preparación; la etiqueta HVLP no sustituye esas comprobaciones.",118,38,borrador: revision de fuentes pendiente,paginas/compresores/05-pistola-para-pintar-con-compresor.md
/compresores/sin-aceite/,compresor sin aceite,Compresor sin aceite: ventajas y cuál comprar,Compresores sin aceite: cuándo convienen,"Un compresor sin aceite conviene cuando priorizás menos mantenimiento de la bomba o querés evitar arrastre de lubricante; verificá igualmente el caudal y ciclo de trabajo que exige la herramienta. Compará ruido, servicio y costo total con uno lubricado.",107,39,borrador: revision de fuentes pendiente,paginas/compresores/15-compresor-sin-aceite.md
/compresores/stanley/,compresor stanley,Compresor Stanley: modelos y cuál elegir,Compresores Stanley: comparativa y guía de compra,"Para comparar compresores Stanley, identificá el código de cada modelo y separá capacidad de tanque, caudal de entrada y caudal entregado. Elegí por el consumo de tus herramientas, la presión necesaria y el soporte local, no solo por litros.",122,39,borrador: revision de fuentes pendiente,paginas/compresores/20-compresor-stanley.md
/generadores/a-gas/,generador electrico a gas,Generador eléctrico a gas: tipos y cómo elegir,Generadores a gas: opciones para respaldo eléctrico,"Un generador a gas sirve como respaldo si su potencia continua y sus picos de arranque cubren las cargas previstas. Antes de elegir, comprobá combustible disponible, instalación, ventilación, mantenimiento y condiciones de servicio del modelo.",177,35,borrador: revision de fuentes pendiente,paginas/generadores/19-generadores-a-gas.md
/generadores/a-nafta/,generador a nafta,"Generador a nafta: consumo, autonomía y modelos",Generadores a nafta: cuál conviene comprar,"Elegí un generador a nafta sumando las cargas que funcionarán juntas y los picos de arranque de sus motores. Compará potencia continua, autonomía, ruido y tomas de salida, además del precio del equipo.",182,33,borrador: revision de fuentes pendiente,paginas/generadores/08-generadores-a-nafta.md
/generadores/chicos/,grupo electrógeno chico,Grupo electrógeno chico: Pektra 720 W y Konan 800 W,Grupos electrógenos chicos: Pektra 720 W y Konan 800 W,"Entre un grupo electrógeno chico Pektra de 720 W y uno Konan de 800 W, compará potencia continua verificable, salidas y tipo de carga prevista. Ninguno debe elegirse solo por la cifra máxima del título comercial.",118,36,borrador: revision de fuentes pendiente,paginas/generadores/21-grupos-electrogenos-chicos.md
/generadores/comparativa-general/,grupos electrógenos,Grupos electrógenos: cómo elegir y comparar modelos,Grupos electrógenos: guía para elegir el adecuado,"Para elegir un grupo electrógeno, sumá la potencia de las cargas simultáneas, considerá los picos de arranque y dejá margen sobre la potencia continua del equipo. Después compará combustible, autonomía, ruido y tipo de salida para tu uso.",197,38,borrador: revision de fuentes pendiente,paginas/generadores/01-grupos-electrogenos.md
/generadores/diesel/,generador diesel,"Generador diésel: consumo, ventajas y modelos",Cómo elegir un generador diésel,"Elegí un generador diésel si la carga, las horas de uso y el mantenimiento justifican ese tipo de motor. Dimensioná potencia continua y arranque, y verificá consumo, ruido, servicio y condiciones de instalación del modelo.",179,35,borrador: revision de fuentes pendiente,paginas/generadores/14-generadores-diesel.md
/generadores/estacion-de-energia-portatil/,estacion de energia portatil,Estación de energía portátil: capacidad y autonomía,Cómo elegir una estación de energía portátil,"Elegí una estación de energía portátil por energía útil en Wh, potencia de salida continua y picos que necesitan tus aparatos. Calculá autonomía con las cargas reales y comprobá cómo se recarga; la capacidad nominal por sí sola no asegura horas de uso.",239,43,borrador: revision de fuentes pendiente,paginas/generadores/20-estaciones-de-energia-portatiles.md
/generadores/gamma-6500/,gamma 6500,Grupo electrógeno Gamma 6500: guía de compra,"Gamma 6500: versiones, potencia y usos","Para evaluar un Gamma 6500, identificá la variante exacta y distinguí potencia continua de potencia máxima. Calculá las cargas simultáneas y los arranques antes de concluir qué puede alimentar; comprobá tomas, combustible y autonomía en la ficha.",195,37,borrador: revision de fuentes pendiente,paginas/generadores/10-gamma-6500.md
/generadores/gamma-950/,gamma 950,Generador Gamma 950: qué puede alimentar,"Gamma 950: potencia, consumo y limitaciones","El Gamma 950 debe compararse por potencia continua, combustible, consumo y tipo de carga permitida. Antes de conectarle un aparato con motor, verificá su pico de arranque y las salidas admitidas por el equipo.",160,34,borrador: revision de fuentes pendiente,paginas/generadores/17-gamma-950.md
/generadores/gamma/,generador gamma,Generadores Gamma: comparativa de modelos y precios,Qué generador Gamma comprar según el uso,"Elegí un generador Gamma según la potencia continua que exigen tus cargas y sus picos de arranque. Luego compará modelos concretos por combustible, autonomía, ruido y salidas; el número comercial no reemplaza la ficha técnica.",185,35,borrador: revision de fuentes pendiente,paginas/generadores/12-generadores-gamma.md
/generadores/honda-6500/,honda 6500,Grupo electrógeno Honda 6500: potencia y precio,Honda 6500: qué puede alimentar y qué revisar al comprar,"Para saber qué puede alimentar un Honda 6500, comprobá el código de la variante, su potencia continua y los picos de las cargas que arrancarán. Antes de comprar, revisá salidas, autonomía, estado o garantía según sea nuevo o usado.",170,39,borrador: revision de fuentes pendiente,paginas/generadores/04-honda-6500.md
/generadores/honda/,grupos electrogenos honda,Grupos electrógenos Honda: modelos y diferencias,Qué grupo electrógeno Honda elegir,"Elegí un grupo electrógeno Honda por la carga eléctrica real y la frecuencia de uso, no solo por el nombre de la marca. Compará potencia continua, arranque, ruido, autonomía y soporte del modelo concreto.",185,34,borrador: revision de fuentes pendiente,paginas/generadores/03-grupos-electrogenos-honda.md
/generadores/hyundai/,generador hyundai,"Generadores Hyundai: modelos, potencia y precios",Qué generador Hyundai elegir según tu consumo,"Para elegir un generador Hyundai, calculá el consumo simultáneo de tus equipos y los picos de arranque. Contrastá esos valores con la potencia continua de cada modelo y revisá combustible, autonomía, ruido y salidas.",173,34,borrador: revision de fuentes pendiente,paginas/generadores/09-generadores-hyundai.md
/generadores/inverter/,generador inverter,Generador inverter: qué es y cuál elegir,Generadores inverter: cómo funcionan y cuál comprar,"Un generador inverter convierte la energía del alternador en corriente continua y luego la reconstruye como salida alterna controlada. Elegilo si esa regulación y el nivel de ruido justifican su costo; compará potencia continua, picos admisibles, autonomía y tomas.",174,39,borrador: revision de fuentes pendiente,paginas/generadores/06-generadores-inverter.md
/generadores/lusqtoff/,generadores lusqtoff,Generadores Lusqtoff: modelos y qué revisar,Generadores Lusqtoff: cuál elegir,"Entre generadores Lüsqtoff, elegí el modelo cuya potencia continua cubra tus cargas y sus picos de arranque. Separá convencionales de inverter y comprobá combustible, salidas, autonomía y servicio antes de comparar precios.",191,32,borrador: revision de fuentes pendiente,paginas/generadores/11-generadores-lusqtoff.md
/generadores/monofasicos/,grupos electrogenos monofasicos,Grupo electrógeno monofásico: cómo elegir,Grupos electrógenos monofásicos: potencia y usos,"Un grupo electrógeno monofásico conviene para cargas compatibles con su tensión y potencia de salida. Sumá consumos simultáneos y arranques, y verificá tomas y conexión antes de elegir capacidad.",171,29,borrador: revision de fuentes pendiente,paginas/generadores/13-grupos-electrogenos-monofasicos.md
/generadores/niwa/,generadores niwa,"Generadores Niwa: modelos, diferencias y precios",Qué generador Niwa elegir,"Elegí un Niwa a partir de la potencia continua que requieren tus equipos y los picos de arranque. Confirmá el código de modelo y compará combustible, autonomía, tomas y soporte local.",197,31,borrador: revision de fuentes pendiente,paginas/generadores/18-generadores-niwa.md
/generadores/para-casa/,generador electrico para casa,Generador eléctrico para casa: qué potencia necesitás,Cómo elegir un generador eléctrico para tu casa,"Para la casa, listá primero los aparatos indispensables durante un corte, sumá su consumo simultáneo y contemplá el arranque de heladera o bomba. Elegí un generador con potencia continua suficiente y revisá autonomía, ruido y conexión segura.",203,37,borrador: revision de fuentes pendiente,paginas/generadores/05-generador-para-casa.md
/generadores/portatiles/,generador portatil,Generador portátil: cuál elegir según el uso,"Generadores portátiles para camping, viajes y trabajo","Elegí un generador portátil según las cargas que llevarás a camping, viaje u obra y las horas de autonomía necesarias. Compará potencia continua, peso, ruido, combustible y salidas antes de priorizar la facilidad de transporte.",198,35,borrador: revision de fuentes pendiente,paginas/generadores/15-generadores-portatiles.md
/generadores/precios/,precios grupos electrogenos,Grupo electrógeno: precios de modelos y cómo comparar,Cuánto cuesta un grupo electrógeno en Argentina,"No hay un precio único para un grupo electrógeno en Argentina: cambia con la potencia continua, el combustible, la regulación y el vendedor. Para saber cuánto cuesta uno que te sirva, compará modelos equivalentes y sumá envío, instalación, combustible y mantenimiento; los valores concretos requieren fecha y oferta verificadas.",139,49,borrador: revision de fuentes pendiente,paginas/generadores/02-precios-de-grupos-electrogenos.md
/generadores/silenciosos/,generador silencioso,Generador silencioso: cómo comparar ruido y potencia,Cómo elegir un generador eléctrico silencioso,"Para elegir un generador silencioso, compará el ruido declarado bajo condiciones equivalentes y a la carga de uso, además de la potencia continua. Revisá distancia de instalación, autonomía y ventilación; la palabra «silencioso» no sustituye una cifra medible.",208,38,borrador: revision de fuentes pendiente,paginas/generadores/16-generadores-silenciosos.md
/generadores/trifasicos/,generador trifasico,"Generador trifásico: potencia, usos y cómo elegir",Cómo elegir un generador trifásico,"Elegí un generador trifásico solo si tus equipos necesitan esa alimentación y dimensioná cada fase según las cargas reales. Compará potencia continua, equilibrio de fases, arranques y protecciones antes de instalarlo.",180,31,borrador: revision de fuentes pendiente,paginas/generadores/07-generadores-trifasicos.md
/hidrolavadoras/150-bar/,hidrolavadora 150 bar,Hidrolavadoras de 150 bar: comparativa y cómo elegir,Qué hidrolavadora de 150 bar comprar,"Para elegir una hidrolavadora anunciada de 150 bar, comprobá si esa cifra es máxima o de trabajo y compará caudal, bomba y tiempo de uso previsto. La tarea concreta importa más que la presión más alta del catálogo.",185,38,borrador: revision de fuentes pendiente,paginas/hidrolavadoras/18-hidrolavadora-150-bar.md
/hidrolavadoras/200-bar/,hidrolavadora 200 bar,Hidrolavadoras de 200 bar: cuándo convienen,Cómo elegir una hidrolavadora de 200 bar,"Una hidrolavadora de 200 bar solo conviene si el trabajo exige esa presión y el caudal y la bomba permiten sostenerla. Confirmá si los 200 bar son máximos o de trabajo y revisá superficie, suministro de agua y ciclo de uso.",201,41,borrador: revision de fuentes pendiente,paginas/hidrolavadoras/19-hidrolavadora-200-bar.md
/hidrolavadoras/black-decker/,hidrolavadora black decker,Hidrolavadoras Black+Decker: cuál conviene comprar,Qué hidrolavadora Black+Decker elegir,"Elegí una hidrolavadora Black+Decker según superficie, frecuencia de limpieza, presión de trabajo y caudal. Identificá el modelo exacto y comprobá manguera, boquillas y repuestos antes de comparar avisos.",154,28,borrador: revision de fuentes pendiente,paginas/hidrolavadoras/07-hidrolavadoras-black-decker.md
/hidrolavadoras/bosch/,hidrolavadora bosch,Hidrolavadoras Bosch: comparativa y guía de compra,Qué hidrolavadora Bosch elegir para casa y auto,"Para casa y auto, compará las Bosch por presión de trabajo, caudal, longitud de manguera y accesorios útiles para cada superficie. Elegí el código de modelo que cubra esas tareas, no solo la serie comercial.",181,35,borrador: revision de fuentes pendiente,paginas/hidrolavadoras/06-hidrolavadoras-bosch.md
/hidrolavadoras/comparativa-general/,hidrolavadora,Hidrolavadoras: cuál comprar según uso y presupuesto,Cómo elegir una hidrolavadora para tu casa o trabajo,"Elegí una hidrolavadora por la superficie y frecuencia de uso: compará presión de trabajo, caudal, tipo de bomba y accesorios. La presión máxima del aviso no expresa por sí sola cuánto limpia ni cuánto puede trabajar el equipo.",209,38,borrador: revision de fuentes pendiente,paginas/hidrolavadoras/01-hidrolavadoras.md
/hidrolavadoras/einhell/,hidrolavadora einhell,Hidrolavadoras Einhell: modelos y guía de compra,Qué hidrolavadora Einhell comprar,"Elegí una Einhell según la tarea, la alimentación y el código exacto del modelo. Compará presión de trabajo, caudal, manguera y accesorios; en las versiones a batería, confirmá batería y cargador incluidos.",174,32,borrador: revision de fuentes pendiente,paginas/hidrolavadoras/13-hidrolavadoras-einhell.md
/hidrolavadoras/gamma-130/,hidrolavadora gamma 130,Gamma 130: prestaciones y diferencias con Gamma 150,Hidrolavadora Gamma 130: guía para elegirla,"Para evaluar una Gamma 130, verificá el código exacto y distinguí presión máxima de presión de trabajo. Compará caudal, manguera, boquillas y repuestos con lo que necesitás limpiar antes de comprar.",165,31,borrador: revision de fuentes pendiente,paginas/hidrolavadoras/14-hidrolavadora-gamma-130.md
/hidrolavadoras/gamma-150/,hidrolavadora gamma 150,"Gamma 150: características, uso y guía de compra",Hidrolavadora Gamma 150: qué revisar antes de comprar,"Antes de comprar una Gamma 150, confirmá qué modelo identifica el aviso y qué presión y caudal declara su ficha. Revisá bomba, manguera, accesorios y soporte para la frecuencia de uso prevista.",163,32,borrador: revision de fuentes pendiente,paginas/hidrolavadoras/10-hidrolavadora-gamma-150.md
/hidrolavadoras/gamma/,hidrolavadora gamma,Hidrolavadoras Gamma: comparativa de modelos y precios,Qué hidrolavadora Gamma comprar,"Entre hidrolavadoras Gamma, elegí según superficie y frecuencia de limpieza, no por el número del nombre. Contrastá modelos concretos por presión de trabajo, caudal, bomba, manguera y accesorios.",199,28,borrador: revision de fuentes pendiente,paginas/hidrolavadoras/04-hidrolavadoras-gamma.md
/hidrolavadoras/hidrolavadora-para-aire-acondicionado/,hidrolavadora para aire acondicionado,Hidrolavadora para aire acondicionado: qué revisar,Cómo elegir una hidrolavadora para aire acondicionado,"Para limpiar un aire acondicionado, priorizá un chorro controlable y accesorios que permitan trabajar sin mojar componentes eléctricos. Verificá método y límites indicados por el fabricante del equipo antes de elegir presión o boquilla.",50,34,borrador: revision de fuentes pendiente,paginas/hidrolavadoras/23-hidrolavadora-para-aire-acondicionado.md
/hidrolavadoras/hyundai/,hidrolavadora hyundai,Hidrolavadoras Hyundai: modelos y cuál comprar,Qué hidrolavadora Hyundai elegir,"Elegí una hidrolavadora Hyundai por superficie, frecuencia de uso y código de modelo. Compará presión de trabajo, caudal, bomba, manguera y acceso a repuestos, no solo potencia anunciada.",193,28,borrador: revision de fuentes pendiente,paginas/hidrolavadoras/15-hidrolavadoras-hyundai.md
/hidrolavadoras/inalambricas/,hidrolavadora inalambrica,Hidrolavadora inalámbrica: comparativa y guía de compra,Qué hidrolavadora inalámbrica comprar y para qué sirve,"Una hidrolavadora inalámbrica sirve para enjuagues y limpieza móvil cuando no tenés una toma cercana; elegila por caudal, presión de trabajo, autonomía y fuente de agua. Comprobá si el kit incluye batería y cargador.",157,34,borrador: revision de fuentes pendiente,paginas/hidrolavadoras/02-hidrolavadora-inalambrica.md
/hidrolavadoras/karcher-k2/,hidrolavadora karcher k2,"Kärcher K2: versiones, prestaciones y guía de compra",Hidrolavadora Kärcher K2: cuál elegir y para qué sirve,"Una Kärcher K2 conviene para tareas domésticas compatibles con su caudal y presión de trabajo. Compará variantes K2 por manguera, accesorios y frecuencia de uso; el nombre de la serie no garantiza el mismo kit.",191,35,borrador: revision de fuentes pendiente,paginas/hidrolavadoras/08-hidrolavadora-karcher-k2.md
/hidrolavadoras/karcher-k3/,hidrolavadora karcher k3,Kärcher K3: versiones y diferencias con K2 y K4,Hidrolavadora Kärcher K3: cuándo conviene elegirla,"Considerá una Kärcher K3 cuando tus tareas domésticas piden más capacidad que la opción básica de la gama, pero verificá presión de trabajo, caudal y accesorios de la variante. Elegí por superficie y frecuencia, no solo por pasar de K2 a K3.",162,42,borrador: revision de fuentes pendiente,paginas/hidrolavadoras/12-hidrolavadora-karcher-k3.md
/hidrolavadoras/karcher-k4/,hidrolavadora karcher k4,Kärcher K4: versiones y diferencias con K3 y K5,Hidrolavadora Kärcher K4: guía de compra,"Para decidir si una Kärcher K4 conviene, compará superficie, frecuencia de limpieza y datos de presión y caudal de la variante exacta. Revisá manguera, boquillas, alimentación y costo del kit frente a una K3 o K5.",180,36,borrador: revision de fuentes pendiente,paginas/hidrolavadoras/17-hidrolavadora-karcher-k4.md
/hidrolavadoras/karcher-k5/,hidrolavadora karcher k5,Kärcher K5: prestaciones y cuándo conviene comprarla,Hidrolavadora Kärcher K5: guía de compra,"Una Kärcher K5 tiene sentido si las tareas y la frecuencia de uso justifican una gama superior. Confirmá el modelo y compará presión de trabajo, caudal, accesorios, peso y precio frente a las K3 y K4.",160,36,borrador: revision de fuentes pendiente,paginas/hidrolavadoras/09-hidrolavadora-karcher-k5.md
/hidrolavadoras/karcher/,hidrolavadora karcher,Hidrolavadoras Kärcher: modelos K2 a K5 y cuál comprar,Qué hidrolavadora Kärcher comprar: comparativa de modelos K2 a K5,"Para elegir entre Kärcher K2, K3, K4 y K5, definí primero superficie y frecuencia de limpieza. Compará después presión de trabajo, caudal y accesorios de variantes concretas; las series no equivalen a un único equipo.",259,35,borrador: revision de fuentes pendiente,paginas/hidrolavadoras/21-hidrolavadoras-karcher.md
/hidrolavadoras/lusqtoff-hl-120/,hidrolavadora lusqtoff hl 120,Lusqtoff HL 120: prestaciones y guía de compra,Hidrolavadora Lusqtoff HL 120: para quién conviene,"La Lüsqtoff HL-120 conviene para limpieza doméstica ligera si sus 70 bar de trabajo y 5,5 l/min declarados alcanzan para tu tarea. Confirmá accesorios y manguera del aviso; no confundas los 105 bar máximos permitidos con la presión de trabajo.",176,40,borrador: revision de fuentes pendiente,paginas/hidrolavadoras/16-hidrolavadora-lusqtoff-hl-120.md
/hidrolavadoras/lusqtoff/,hidrolavadora lusqtoff,Hidrolavadoras Lusqtoff: modelos y cuál elegir,Qué hidrolavadora Lusqtoff elegir según el uso,"Elegí una Lüsqtoff según la superficie y el ritmo de limpieza, identificando el código exacto de cada modelo. Compará presión de trabajo, caudal, alimentación y accesorios, y comprobá repuestos disponibles para esa variante.",200,33,borrador: revision de fuentes pendiente,paginas/hidrolavadoras/03-hidrolavadoras-lusqtoff.md
/hidrolavadoras/niwa/,hidrolavadora niwa,"Hidrolavadoras Niwa: modelos, opiniones y compra",Qué hidrolavadora Niwa elegir y qué revisar,"Para comparar hidrolavadoras Niwa, separá equipos eléctricos de los de motor a combustión y elegí según tarea y frecuencia. Confirmá presión de trabajo, caudal, manguera, mantenimiento y repuestos de cada código.",183,31,borrador: revision de fuentes pendiente,paginas/hidrolavadoras/20-hidrolavadoras-niwa.md
/hidrolavadoras/para-autos/,hidrolavadora para autos,Hidrolavadoras para autos: equipos y combos para elegir,Qué hidrolavadora comprar para lavar el auto,"Para lavar el auto en casa, priorizá un chorro regulable, caudal suficiente y una manguera que alcance ambos lados del vehículo; no persigas la presión máxima más alta. Confirmá boquilla, accesorios y contenido del kit antes de elegir un modelo.",63,40,borrador: revision de fuentes pendiente,paginas/hidrolavadoras/22-hidrolavadoras-para-autos.md
/hidrolavadoras/profesionales/,hidrolavadora profesional,Hidrolavadora profesional: cómo elegir para trabajar,Qué hidrolavadora profesional comprar para trabajar,"Para trabajo profesional, elegí una hidrolavadora por horas de uso, caudal sostenido, presión de trabajo y posibilidad de servicio. Contrastá bomba, motor y repuestos del modelo exacto con la tarea que vas a repetir.",172,34,borrador: revision de fuentes pendiente,paginas/hidrolavadoras/11-hidrolavadora-profesional.md
/hidrolavadoras/stihl/,hidrolavadora stihl,"Hidrolavadoras Stihl: modelos, diferencias y precios",Cómo elegir una hidrolavadora Stihl,"Elegí una Stihl según superficie y frecuencia de limpieza, comprobando presión de trabajo y caudal de la variante. Compará bomba, accesorios, manguera y soporte local antes de asumir que dos equipos de la marca rinden igual.",201,36,borrador: revision de fuentes pendiente,paginas/hidrolavadoras/05-hidrolavadoras-stihl.md
/sierras/bosch-gks-150/,bosch gks 150,Bosch GKS 150: características y cuándo conviene,Sierra circular Bosch GKS 150: guía antes de comprar,"Antes de comprar una Bosch GKS 150, confirmá el código y compará profundidad de corte, disco admitido, peso y equipamiento con el material que vas a cortar. La potencia nominal no determina por sí sola la calidad del corte.",234,39,borrador: revision de fuentes pendiente,paginas/sierras/16-sierra-circular-bosch-gks-150.md
/sierras/caladoras-black-decker/,sierra caladora black decker,Caladoras Black+Decker: BES603 y qué modelo elegir,Sierra caladora Black+Decker: cómo elegir entre modelos,"Entre caladoras Black+Decker, elegí según el material, espesor y precisión que necesitás. Compará carrera, regulación de velocidad, tipo de hoja y base en modelos identificados, no solo potencia.",108,28,borrador: revision de fuentes pendiente,paginas/sierras/25-caladoras-black-decker.md
/sierras/caladoras-einhell/,caladora einhell,Caladora Einhell: modelos con cable y a batería,Qué caladora Einhell elegir,"Elegí una caladora Einhell por el material y tipo de corte, comprobando velocidad, acción pendular, hoja compatible y profundidad admitida. En una versión a batería, confirmá plataforma y contenido del kit.",222,31,borrador: revision de fuentes pendiente,paginas/sierras/18-caladora-einhell.md
/sierras/caladoras-skil/,caladora skil,"Caladora Skil: modelos, diferencias y cuál elegir",Cómo elegir una caladora Skil,"Para elegir una caladora Skil, definí material y espesor, y compará velocidad, movimiento pendular, tipo de hoja y estabilidad de la base. Revisá el código del modelo para no mezclar prestaciones de variantes distintas.",216,34,borrador: revision de fuentes pendiente,paginas/sierras/10-caladora-skil.md
/sierras/caladoras/,sierra caladora,Sierra caladora: cómo elegir y qué modelos comparar,Cómo elegir una sierra caladora para madera y metal,"Elegí una sierra caladora por material, espesor y si harás cortes rectos o curvos. Compará hoja, velocidad, acción pendular y base; para rectas largas en tableros, evaluá también una circular con guía.",219,32,borrador: revision de fuentes pendiente,paginas/sierras/04-sierra-caladora.md
/sierras/circulares-black-decker/,sierra circular black and decker,Sierra circular Black+Decker: qué modelo elegir,Cómo elegir una sierra circular Black+Decker,"Elegí una circular Black+Decker según material y espesor, verificando profundidad de corte a 90° y 45°, disco compatible y base. Compará variantes por código y peso antes de priorizar watts.",215,30,borrador: revision de fuentes pendiente,paginas/sierras/17-sierra-circular-black-and-decker.md
/sierras/circulares-lusqtoff/,sierra circular lusqtoff,Sierra circular Lusqtoff: modelos y guía de compra,Qué sierra circular Lusqtoff elegir,"Entre circulares Lüsqtoff, elegí por el material y la profundidad de corte que pide tu trabajo. Confirmá código, diámetro y eje del disco, base, peso y accesorios incluidos.",233,28,borrador: revision de fuentes pendiente,paginas/sierras/20-sierra-circular-lusqtoff.md
/sierras/circulares/,sierra circular,Sierra circular: cuál elegir según uso y presupuesto,Cómo elegir una sierra circular para tus trabajos,"Para elegir una sierra circular, definí material y espesor máximos y comprobá que la profundidad de corte a 90° y 45° alcance. Después compará disco, base, guía, peso y alimentación según dónde vas a trabajar.",239,35,borrador: revision de fuentes pendiente,paginas/sierras/01-sierra-circular.md
/sierras/de-banco-einhell/,sierra de banco einhell,Sierra de banco Einhell: comparativa y guía de compra,Qué sierra de banco Einhell elegir para tu taller,"Elegí una sierra de banco Einhell por tamaño de piezas, profundidad de corte, mesa y estabilidad. Confirmá disco, guía, protecciones y código del modelo antes de comparar potencia o precio.",210,30,borrador: revision de fuentes pendiente,paginas/sierras/09-sierra-de-banco-einhell.md
/sierras/de-banco-lusqtoff/,sierra de banco lusqtoff,Sierra de banco Lusqtoff: SML2000-8 y otras variantes,Sierra de banco Lusqtoff: qué modelo conviene para tu taller,"Para un taller, elegí entre sierras de banco Lüsqtoff por capacidad de corte, tamaño de mesa, guía y protecciones. Verificá el código exacto del aviso y el disco que incluye.",106,30,borrador: revision de fuentes pendiente,paginas/sierras/26-sierra-de-banco-lusqtoff.md
/sierras/de-banco/,sierra de banco,Sierra de banco: cuál elegir para tu taller,Cómo elegir una sierra de banco para madera,"Elegí una sierra de banco según tamaño de tableros, profundidad de corte y precisión de la guía. Comprobá estabilidad, disco, protecciones y espacio disponible antes de mirar solo potencia.",260,29,borrador: revision de fuentes pendiente,paginas/sierras/06-sierra-de-banco.md
/sierras/disco-para-sierra-circular/,disco para sierra circular,Disco para sierra circular: cuál usar para cada corte,Cómo elegir un disco para sierra circular,"Elegí el disco de sierra circular por material, diámetro y eje admitidos por la máquina, además del acabado buscado. El número y geometría de dientes cambian el corte; respetá siempre las RPM y el sentido de giro indicados.",242,38,borrador: revision de fuentes pendiente,paginas/sierras/15-disco-para-sierra-circular.md
/sierras/guia-para-sierra-circular/,guia para sierra circular,Guía para sierra circular: tipos y compatibilidad,Cómo elegir una guía para sierra circular,"Elegí una guía que pueda fijarse con firmeza a la pieza y sea compatible con la base de tu sierra circular. Para cortes repetibles, comprobá longitud, distancia entre hoja y borde de la base y posibilidad de ajuste.",220,38,borrador: revision de fuentes pendiente,paginas/sierras/11-guia-para-sierra-circular.md
/sierras/ingletadoras-dewalt/,ingletadora dewalt,Ingletadora DeWalt: comparativa y guía de compra,Qué ingletadora DeWalt elegir,"Elegí una ingletadora DeWalt por ancho y alto de las piezas, ángulos requeridos y capacidad de corte real. Compará si necesitás deslizamiento, el disco admitido y el código del modelo antes de pagar por funciones que no vas a usar.",217,40,borrador: revision de fuentes pendiente,paginas/sierras/13-ingletadora-dewalt.md
/sierras/ingletadoras-einhell/,ingletadora einhell,Ingletadora Einhell: modelos y cuál conviene elegir,Qué ingletadora Einhell elegir según tus trabajos,"Entre ingletadoras Einhell, definí ancho de pieza, material y ángulos de corte; luego compará capacidad, disco, mesa y protecciones. Identificá cada variante para saber si incluye función deslizante o batería.",213,30,borrador: revision de fuentes pendiente,paginas/sierras/08-ingletadora-einhell.md
/sierras/ingletadoras-total/,ingletadora total,Ingletadora Total: modelos y qué revisar al comprar,Cómo elegir una ingletadora Total,"Elegí una ingletadora Total según la sección del material y los ángulos que necesitás cortar. Confirmá capacidad a 90° y 45°, disco, guía, seguridad y código de modelo.",201,28,borrador: revision de fuentes pendiente,paginas/sierras/14-ingletadora-total.md
/sierras/ingletadoras/,ingletadora,Ingletadoras: cómo elegir entre fija y telescópica,Ingletadoras: cuál elegir según el corte y el material,"Elegí una ingletadora por material, sección de la pieza y ángulos necesarios. Una capacidad de corte mayor o un cabezal deslizante solo aportan valor si tus piezas lo exigen; comprobá disco y espacio de trabajo.",99,35,borrador: revision de fuentes pendiente,paginas/sierras/21-ingletadoras.md
/sierras/sable/,sierra sable,Sierra sable: para qué sirve y cuál elegir,Sierra sable: guía de usos y compra,"Una sierra sable conviene para cortes de demolición o en lugares de difícil acceso; elegí hoja, carrera y alimentación según material y espesor. Para cortes rectos de precisión, compará otra herramienta antes de comprarla.",225,34,borrador: revision de fuentes pendiente,paginas/sierras/03-sierra-sable.md
/sierras/sensitivas-dewalt/,sensitiva dewalt,Sensitiva DeWalt: modelos y guía de compra,Sensitiva DeWalt: qué modelo elegir,"Elegí una sensitiva DeWalt por material, sección de la pieza y capacidad de corte, no solo por potencia. Confirmá disco admitido, mordaza, protecciones y código del modelo.",227,27,borrador: revision de fuentes pendiente,paginas/sierras/12-sensitiva-dewalt.md
/sierras/sensitivas-lusqtoff/,sierra sensitiva lusqtoff,Sensitiva Lusqtoff: CM-14K y qué revisar antes de comprar,Sierra sensitiva Lusqtoff: guía de la CM-14K,"Para evaluar la Lüsqtoff CM-14K, confirmá primero el código y el diámetro del disco en la ficha del equipo. Compará capacidad para tus perfiles, mordaza, protecciones y disponibilidad de consumibles.",118,30,borrador: revision de fuentes pendiente,paginas/sierras/27-sensitiva-lusqtoff.md
/sierras/sensitivas-total/,sierra sensitiva total,Sensitiva Total: cómo elegir y comprobar el modelo,Sierra sensitiva Total: qué revisar en una de 355 mm,"En una sensitiva Total de 355 mm, comprobá el código del modelo, la sección máxima que corta y las RPM admitidas por el disco. Revisá mordaza, guarda y contenido de la caja antes de comparar precios.",134,36,borrador: revision de fuentes pendiente,paginas/sierras/29-sensitiva-total.md
/sierras/sensitivas/,sensitiva,Sensitiva: qué es y cuál comprar para cortar metal,Cómo elegir una sensitiva para cortar metal,"Elegí una sensitiva por el metal y la sección que vas a cortar repetidamente. Compará capacidad a distintos ángulos, tipo de disco, mordaza y protecciones, además de potencia.",204,28,borrador: revision de fuentes pendiente,paginas/sierras/02-sensitiva.md
/sierras/sierra-caladora-bosch/,sierra caladora bosch,Sierra caladora Bosch: qué modelo elegir en Argentina,Sierra caladora Bosch: comparativa de modelos,"Entre caladoras Bosch, elegí según material y espesor, control de velocidad, movimiento pendular y hoja compatible. Compará códigos concretos y peso para el tipo de corte que hacés.",92,28,borrador: revision de fuentes pendiente,paginas/sierras/22-caladoras-bosch.md
/sierras/sierra-circular-dewalt-dwe560/,sierra circular dewalt dwe560,DeWalt DWE560: ficha y guía de compra en Argentina,Sierra circular DeWalt DWE560: qué revisar antes de comprar,"Antes de comprar la DeWalt DWE560, comprobá que su profundidad de corte, disco y base sirvan para tus piezas. Verificá código, accesorios y peso; la potencia nominal no basta para decidir.",115,31,borrador: revision de fuentes pendiente,paginas/sierras/23-sierra-circular-dewalt-dwe560.md
/sierras/sierra-sable-inalambrica/,sierra sable inalambrica,Sierra sable inalámbrica: cómo elegir y comparar,Qué sierra sable inalámbrica comprar,"Una sierra sable inalámbrica conviene cuando necesitás movilidad para cortes de demolición o acceso difícil. Elegí por material, hoja, carrera, autonomía y plataforma de batería, comprobando qué incluye el kit.",221,30,borrador: revision de fuentes pendiente,paginas/sierras/19-sierra-sable-inalambrica.md
/sierras/sierra-sin-fin-para-madera/,sierra sin fin para madera,Sierra sin fin para madera: cómo elegir la adecuada,Qué sierra sin fin para madera comprar,"Elegí una sierra sin fin para madera por altura de corte, ancho de garganta y piezas que trabajarás. Compará hoja, guías, mesa y estabilidad antes de priorizar la potencia del motor.",240,31,borrador: revision de fuentes pendiente,paginas/sierras/05-sierra-sin-fin-para-madera.md
/sierras/sin-fin-lusqtoff/,sierra sin fin lusqtoff,Sierra sin fin Lusqtoff: modelos compactos y de taller,"Sierra sin fin Lusqtoff: SFL250-8, SFL300-8 o SFL1100-9","Entre las Lüsqtoff SFL250-8, SFL300-8 y SFL1100-9, compará altura de corte, garganta, mesa y hoja admitida según tus piezas. Confirmá la ficha de cada código antes de elegir por tamaño exterior o precio.",103,33,borrador: revision de fuentes pendiente,paginas/sierras/28-sierra-sin-fin-lusqtoff.md
/sierras/sin-fin-metal/,sierra sin fin para metal,Sierra sin fin para metal: tipos y cómo elegir,Cómo elegir una sierra sin fin para metal,"Elegí una sierra sin fin para metal según sección, material y número de cortes por jornada. Compará capacidad, velocidad de hoja, refrigeración y sujeción de la pieza con el trabajo previsto.",216,31,borrador: revision de fuentes pendiente,paginas/sierras/07-sierra-sin-fin-para-metal.md
/sierras/stanley-sc16/,sierra circular stanley sc16,Stanley SC16: ficha y qué comprobar antes de comprar,Sierra circular Stanley SC16: guía de compra,"Para evaluar la Stanley SC16, comprobá profundidad de corte a 90° y 45°, disco y base frente al espesor y material que usás. Confirmá código, accesorios y estado de la guía antes de comprar.",97,34,borrador: revision de fuentes pendiente,paginas/sierras/24-stanley-sc16.md
/soldadoras/,soldadoras,"Soldadoras: cómo elegir entre inverter, MIG, TIG y punto | Taller Lab",Soldadoras: cuál elegir según el trabajo,"Elegí la soldadora por material, espesor, tipo de unión y lugar de trabajo; después compará proceso, corriente y ciclo de trabajo del modelo. El amperaje máximo del aviso no indica por sí solo cuánto tiempo puede soldar.",125,37,borrador: revision de fuentes pendiente,paginas/soldadoras/00-soldadoras.md
/soldadoras/alambre-flux/,alambre flux,"Alambre flux: tipos, medidas y cuál comprar",Cómo elegir alambre flux para tu soldadora,"Elegí alambre flux por material, diámetro admitido por la máquina y polaridad que exige el consumible. Confirmá si el equipo permite trabajar sin gas y qué preparación y limpieza requiere la soldadura.",159,32,borrador: revision de fuentes pendiente,paginas/soldadoras/13-alambre-flux.md
/soldadoras/alambre-para-soldadura-mig/,alambre para soldadura mig,Alambre para soldadura MIG: tipos y cómo elegir,"Alambre para soldadura MIG: tipos, diámetros y compatibilidad","Elegí el alambre MIG por material base, proceso con gas o flux, diámetro compatible con rodillos y antorcha, y gas protector cuando corresponda. Verificá también la polaridad y los ajustes que indica el fabricante.",332,34,borrador: revision de fuentes pendiente,paginas/soldadoras/08-alambre-para-soldadura-mig.md
/soldadoras/carro-para-soldadora-mig/,carro para soldadora mig,"Carro para soldadora MIG: medidas, tubo y capacidad",Carro para soldadora MIG: cómo elegir uno que entre en tu taller,"Elegí un carro MIG que soporte el peso de máquina, cilindro y consumibles y que pase por puertas y espacios de tu taller. Comprobá medidas, ruedas, sujeción del cilindro y acceso a cables antes de comprar.",100,36,borrador: revision de fuentes pendiente,paginas/soldadoras/25-carro-para-soldadora-mig.md
/soldadoras/electrodo-6013/,electrodo 6013,Electrodo 6013: para qué sirve y cuál comprar,"Electrodo 6013: usos, medidas y qué elegir","Elegí un 6013 según posición, espesor de la pieza y corriente que admite tu soldadora. Compará diámetro y recomendación del fabricante del electrodo antes de ajustar amperaje o usarlo para una unión exigente.",188,33,borrador: revision de fuentes pendiente,paginas/soldadoras/10-electrodo-6013.md
/soldadoras/electrodo-7018/,electrodo 7018,"Electrodo 7018: usos, amperaje y cuál comprar",Electrodo 7018: cómo elegirlo según el trabajo,"Elegí un 7018 cuando la especificación de la unión requiere ese tipo de electrodo y podés controlar almacenamiento y preparación. Comprobá diámetro, corriente, polaridad y requisitos del trabajo antes de soldar.",187,31,borrador: revision de fuentes pendiente,paginas/soldadoras/01-electrodo-7018.md
/soldadoras/electrodo-para-acero-inoxidable/,electrodo para acero inoxidable,Electrodo para acero inoxidable: cuál elegir,Cómo elegir electrodos para acero inoxidable,"Para inoxidable, elegí un electrodo compatible con el grado del metal base y el tipo de unión. Confirmá clasificación, diámetro, corriente y material de aporte antes de comprar; «para acero inoxidable» no identifica una sola formulación.",193,36,borrador: revision de fuentes pendiente,paginas/soldadoras/16-electrodo-para-acero-inoxidable.md
/soldadoras/electrodo-para-fundicion/,electrodo para fundicion,Electrodo para fundición: tipos y cuál elegir,Cómo elegir un electrodo para fundición,"Elegí el electrodo para fundición según el tipo de pieza, tamaño de la reparación y procedimiento térmico que requiere. Confirmá clasificación y método con una fuente técnica antes de soldar una pieza crítica.",200,33,borrador: revision de fuentes pendiente,paginas/soldadoras/12-electrodo-para-fundicion.md
/soldadoras/esab-handyarc-162i/,esab handyarc 162i,"ESAB HandyArc 162i: corriente, ciclo de trabajo y compra",ESAB HandyArc 162i: qué ofrece y qué comprobar,"La ESAB HandyArc 162i debe evaluarse por proceso, alimentación, corriente y ciclo de trabajo de su ficha, además de accesorios incluidos. Comprobá que esos datos cubran los electrodos y jornadas que vas a usar.",61,34,borrador: revision de fuentes pendiente,paginas/soldadoras/26-esab-handyarc-162i.md
/soldadoras/esab/,soldadora esab,"Soldadoras ESAB: modelos, diferencias y qué elegir",Qué soldadora ESAB elegir según tu trabajo,"Elegí una ESAB según proceso de soldadura, material, espesor y ritmo de trabajo. Compará corriente útil, ciclo de trabajo, alimentación y accesorios de modelos concretos antes de priorizar el amperaje máximo.",156,31,borrador: revision de fuentes pendiente,paginas/soldadoras/15-soldadora-esab.md
/soldadoras/guantes/,guantes para soldar,Guantes para soldar: cuáles elegir para MIG y TIG,Cómo elegir guantes para soldar según el proceso,"Elegí guantes de soldar según calor, salpicaduras y destreza que exige el proceso. Comprobá material, largo, ajuste y protección declarada para MIG, MMA o TIG; un guante más grueso no siempre facilita el trabajo fino.",132,35,borrador: revision de fuentes pendiente,paginas/soldadoras/05-guantes-para-soldar.md
/soldadoras/lusqtoff-iron-100/,soldadora lusqtoff iron 100,Lusqtoff Iron 100: ficha del kit con máscara y escuadras,Soldadora Lusqtoff Iron 100: qué incluye y para quién sirve,"La Lüsqtoff Iron 100 conviene solo si su corriente y ciclo de trabajo alcanzan para tus electrodos y espesor. Confirmá el código, alimentación y accesorios del kit antes de comprar.",139,30,borrador: revision de fuentes pendiente,paginas/soldadoras/21-soldadora-lusqtoff-iron-100.md
/soldadoras/lusqtoff-iron-250/,soldadora lusqtoff iron 250,Lusqtoff Iron 250: características y guía de compra,Soldadora Lusqtoff Iron 250: qué revisar antes de comprar,"Antes de comprar una Iron 250, verificá corriente de soldadura, ciclo de trabajo, alimentación y conectores del modelo exacto. Contrastá esos datos con los electrodos y la duración de trabajo que necesitás.",197,32,borrador: revision de fuentes pendiente,paginas/soldadoras/18-soldadora-lusqtoff-iron-250.md
/soldadoras/lusqtoff-sml120-8d/,lusqtoff sml120 8d,Lusqtoff SML120-8D: ficha de la MIG Flux dual,Lusqtoff SML120-8D: qué revisar en la soldadora y el kit,"En la Lüsqtoff SML120-8D, comprobá proceso, corriente y ciclo de trabajo antes de decidir por el kit. Confirmá qué máscara, pinzas, alambre y accesorios incluye el aviso concreto.",113,28,borrador: revision de fuentes pendiente,paginas/soldadoras/24-soldadora-lusqtoff-sml120-8d.md
/soldadoras/lusqtoff-sml130-7/,lusqtoff sml130 7,"Lusqtoff SML130-7: modelo, alambre y qué revisar",Soldadora Lusqtoff SML130-7: comprobaciones de compra,"Antes de elegir una SML130-7, confirmá el código de la máquina y contrastá alimentación, procesos, corriente y ciclo de trabajo con tu tarea. Revisá por separado el contenido y la garantía del kit anunciado.",79,34,borrador: revision de fuentes pendiente,paginas/soldadoras/28-soldadora-lusqtoff-sml130-7.md
/soldadoras/lusqtoff-sml150-8/,soldadora lusqtoff sml 150 8,"Lusqtoff SML150-8: diferencias, kit y qué comprobar",Soldadora Lusqtoff SML150-8: guía antes de comprar,"Para la SML150-8, verificá en la ficha del código exacto los procesos que admite, corriente útil y ciclo de trabajo. Compará esos datos con el espesor a soldar y comprobá accesorios antes de comprar.",101,34,borrador: revision de fuentes pendiente,paginas/soldadoras/23-soldadora-lusqtoff-sml150-8.md
/soldadoras/lusqtoff/,soldadora lusqtoff,Soldadoras Lusqtoff: modelos y cuál conviene comprar,Qué soldadora Lusqtoff elegir para casa o taller,"Elegí una soldadora Lüsqtoff por proceso, material y espesor, identificando el código exacto de cada equipo. Compará corriente, ciclo de trabajo, alimentación y contenido del kit antes de decidir por precio.",145,31,borrador: revision de fuentes pendiente,paginas/soldadoras/02-soldadora-lusqtoff.md
/soldadoras/mascara-lusqtoff-st-1x/,lusqtoff st 1x,Máscara Lusqtoff ST-1X: qué revisar antes de comprar,Máscara fotosensible Lusqtoff ST-1X: guía de compra,"Para evaluar la máscara Lüsqtoff ST-1X, comprobá rango de sombra, tiempo de respuesta, sensores y ajuste a tu proceso. Confirmá código, baterías o alimentación y protección declarada antes de usarla.",106,30,borrador: revision de fuentes pendiente,paginas/soldadoras/27-mascara-lusqtoff-st-1x.md
/soldadoras/mascaras-fotosensibles/,mascara de soldar fotosensible,Máscara de soldar fotosensible: cómo elegir la mejor,Cómo elegir una máscara de soldar fotosensible,"Elegí una máscara fotosensible por proceso, rango de sombra y sensibilidad ajustable. Comprobá respuesta del filtro, cobertura, alimentación y norma de protección indicada en la ficha del modelo.",156,28,borrador: revision de fuentes pendiente,paginas/soldadoras/09-mascara-de-soldar-fotosensible.md
/soldadoras/mig-lusqtoff/,soldadora mig lusqtoff,Soldadora MIG Lusqtoff: modelos Flux y qué revisar,Soldadora MIG Lusqtoff: cómo elegir una Flux sin gas,"Para una MIG Lüsqtoff sin gas, verificá que el equipo acepte alambre flux, su diámetro y polaridad, además de corriente y ciclo de trabajo. Confirmá el contenido del kit y si también permite otros procesos.",107,35,borrador: revision de fuentes pendiente,paginas/soldadoras/22-soldadora-mig-lusqtoff.md
/soldadoras/mig-sin-gas/,soldadora mig sin gas,Soldadora MIG sin gas: comparativa y guía de compra,Qué soldadora MIG sin gas conviene comprar,"Elegí una MIG sin gas si el trabajo admite alambre flux y sus requisitos de limpieza y terminación. Compará espesor, corriente, ciclo de trabajo, diámetros de alambre y disponibilidad de consumibles.",133,31,borrador: revision de fuentes pendiente,paginas/soldadoras/07-soldadora-mig-sin-gas.md
/soldadoras/para-aluminio/,soldadora para aluminio,"Soldadora para aluminio: TIG o MIG, cuál elegir",Qué soldadora necesitás para soldar aluminio,"Para soldar aluminio, elegí primero el proceso adecuado a espesor y tipo de unión; después buscá una máquina y consumibles compatibles. Comprobá si el equipo admite TIG AC o una configuración MIG específica para aluminio antes de comprar.",204,38,borrador: revision de fuentes pendiente,paginas/soldadoras/17-soldadora-para-aluminio.md
/soldadoras/soldadora-de-punto/,soldadora de punto,"Soldadora de punto: tipos, usos y cuál elegir",Soldadora de punto: cuál elegir para baterías o chapa,"Elegí una soldadora de punto según si vas a unir chapa o pestañas de baterías: son trabajos con equipos y controles distintos. Compará material, espesor, energía y seguridad del proceso antes de seleccionar un modelo.",279,35,borrador: revision de fuentes pendiente,paginas/soldadoras/03-soldadora-de-punto.md
/soldadoras/soldadora-dogo-180/,soldadora dogo 180,Soldadora Dogo 180: características y qué revisar,Soldadora Dogo 180: guía antes de comprar,"Antes de comprar una Dogo 180, identificá la variante y comprobá proceso, alimentación, corriente y ciclo de trabajo en su ficha. Verificá accesorios y repuestos; el «180» comercial no confirma por sí solo rendimiento sostenido.",135,35,borrador: revision de fuentes pendiente,paginas/soldadoras/14-soldadora-dogo-180.md
/soldadoras/soldadora-inverter-160-amp/,soldadora inverter 160 amp,Soldadora inverter 160 A: comparativa y qué elegir,Qué soldadora inverter de 160 amperios elegir,"Elegí una inverter de 160 A si su ciclo de trabajo y rango de corriente cubren tus electrodos y espesor. Compará alimentación, conectores, protecciones y servicio entre modelos exactos; el máximo de 160 A no basta.",167,36,borrador: revision de fuentes pendiente,paginas/soldadoras/20-soldadora-inverter-160-amp.md
/soldadoras/soldadora-inverter-200-amp/,soldadora inverter 200 amp,Soldadora inverter 200 A: modelos y cómo elegir,Qué soldadora inverter de 200 amperios comprar,"Una inverter de 200 A conviene cuando tu proceso y espesor exigen más corriente útil o margen de trabajo. Verificá ciclo de trabajo a la corriente que usarás, alimentación y accesorios, no solo el pico anunciado.",124,36,borrador: revision de fuentes pendiente,paginas/soldadoras/11-soldadora-inverter-200-amp.md
/soldadoras/soldadora-mig-con-gas/,soldadora mig con gas,Soldadora MIG con gas: guía para elegir y comprar,Qué soldadora MIG con gas comprar,"Elegí una MIG con gas por material, espesor y volumen de trabajo. Compará rango de corriente, ciclo de trabajo, alambre y gas compatibles, además del costo de cilindro y consumibles.",136,30,borrador: revision de fuentes pendiente,paginas/soldadoras/04-soldadora-mig-con-gas.md
/soldadoras/soldadora-tig-ac-dc/,soldadora tig ac dc,Soldadora TIG AC/DC: funciones y qué modelo elegir,Cómo elegir una soldadora TIG AC/DC,"Elegí una TIG AC/DC si necesitás los materiales y controles que ofrece cada modo, verificando espesor y corriente de trabajo. Compará ciclo de trabajo, alimentación, antorcha, gas y servicio del modelo exacto.",151,32,borrador: revision de fuentes pendiente,paginas/soldadoras/19-soldadora-tig-ac-dc.md
/soldadoras/tig/,soldadora tig,Soldadora TIG: qué es y qué equipo conviene comprar,Soldadoras TIG: guía para elegir tu equipo,"Elegí una TIG según metal, espesor y calidad de terminación requerida. Confirmá si necesitás AC además de DC y compará corriente, ciclo de trabajo, antorcha y costo del gas y consumibles.",174,31,borrador: revision de fuentes pendiente,paginas/soldadoras/06-soldadora-tig.md
/soldadura-electronica/estacion-de-soldadura/,estacion de soldadura electronica,Estación de soldadura electrónica: cautín o aire caliente,Estación de soldadura electrónica: cuál comprar para tu mesa,"Para una mesa de electrónica, elegí una estación por control de temperatura, tipo de trabajo y disponibilidad de puntas o boquillas. Una combinada con aire caliente conviene solo si también harás retrabajo de componentes.",93,34,borrador: revision de fuentes pendiente,paginas/soldadura-electronica/02-estacion-de-soldadura.md
/soldadura-electronica/gadnic-878d/,estacion de soldado gadnic 878d,Gadnic 878D: estación de cautín y aire caliente,Gadnic 878D: qué revisar antes de comprar la estación,"Antes de comprar la Gadnic 878D, confirmá el código y qué funciones, boquillas y cautín incluye la publicación. Compará rangos de temperatura declarados y disponibilidad de repuestos con el trabajo de reparación previsto.",100,33,borrador: revision de fuentes pendiente,paginas/soldadura-electronica/03-gadnic-878d.md
/soldadura-electronica/kit-soldador-de-estano/,kit soldador de estaño,Kit soldador de estaño: qué debe incluir y cuál elegir,Kit soldador de estaño: elegí el equipo según la reparación,"Para reparaciones sencillas de cables y componentes pasantes, elegí un kit con cautín, punta y soporte adecuados. Si necesitás temperatura controlada o retrabajo SMD frecuente, compará una estación antes de comprar accesorios que no usarás.",90,35,borrador: revision de fuentes pendiente,paginas/soldadura-electronica/01-kit-soldador-de-estano.md
/soldadura-electronica/soporte-para-soldar-con-lupa/,soporte para soldar con lupa,"Soporte para soldar con lupa: pinzas, base y luz",Soporte para soldar con lupa: qué revisar antes de comprar,"Elegí un soporte con lupa por estabilidad, espacio de trabajo y aumento útil para las piezas que manipulás. Comprobá pinzas, base e iluminación, si la incluye; no sustituye una punta ni un control térmico adecuados.",90,35,borrador: revision de fuentes pendiente,paginas/soldadura-electronica/05-soporte-para-soldar-con-lupa.md
/soldadura-electronica/yihua-898d/,estacion de soldado yihua 898d,Yihua 898D: estación de aire caliente y cautín,Yihua 898D: qué incluye y para qué trabajos sirve,"La Yihua 898D combina cautín para uniones puntuales y aire caliente para retrabajo; conviene si necesitás ambos en la misma mesa. Confirmá la variante, boquillas, soporte y repuestos antes de comprar.",96,31,borrador: revision de fuentes pendiente,paginas/soldadura-electronica/04-yihua-898d.md
/taladros/atornillador-impacto-dewalt/,atornillador de impacto dewalt,Atornillador de impacto DeWalt: cuál comprar,Qué atornillador de impacto DeWalt elegir,"Elegí un atornillador de impacto DeWalt por tornillos, frecuencia de uso y plataforma de batería que ya tenés. Compará torque, velocidad, peso y contenido del kit en modelos concretos; no lo confundas con un taladro percutor.",155,36,borrador: revision de fuentes pendiente,paginas/taladros/19-atornillador-de-impacto-dewalt.md
/taladros/atornilladores-de-impacto/,atornillador de impacto,Atornillador de impacto: cuál elegir y para qué sirve,Cómo elegir un atornillador de impacto,"Un atornillador de impacto conviene para fijaciones que requieren torque y uso repetido. Elegí por tipo de tornillo, mandril, regulación, peso y batería, y comprobá si también necesitás un taladro para perforar.",127,32,borrador: revision de fuentes pendiente,paginas/taladros/05-atornillador-de-impacto.md
/taladros/black-decker/,taladro black decker,Taladro Black+Decker: qué modelo conviene comprar,Qué taladro Black+Decker elegir para casa,"Para casa, elegí un Black+Decker según material y frecuencia de perforación: atornillar muebles, perforar madera o mampostería exigen funciones distintas. Compará mandril, percusión cuando haga falta y contenido del kit.",120,30,borrador: revision de fuentes pendiente,paginas/taladros/09-taladro-black-decker.md
/taladros/bosch-inalambrico/,taladro inalambrico bosch,"Taladro inalámbrico Bosch: GSR, GSB y cuál elegir",Qué taladro inalámbrico Bosch comprar,"Elegí un Bosch inalámbrico por los materiales que perforás, el torque de atornillado y la batería disponible. Confirmá código, tipo de mandril, percusión si la necesitás y si el aviso incluye cargador.",126,32,borrador: revision de fuentes pendiente,paginas/taladros/20-taladro-inalambrico-bosch.md
/taladros/brocas-ceramica/,brocas para ceramica,Brocas para cerámica: cuáles usar y cómo perforar,Cómo elegir mechas para cerámica y azulejos,"Para cerámica o azulejos, elegí la mecha según dureza del revestimiento, diámetro del agujero y herramienta disponible. Comprobá si corresponde una punta para cerámica o una corona diamantada y seguí las condiciones de uso del fabricante.",123,36,borrador: revision de fuentes pendiente,paginas/taladros/17-brocas-para-ceramica.md
/taladros/combo-taladro-amoladora/,combo taladro amoladora,Combo taladro y amoladora: kits con cable y a batería,Qué combo de taladro y amoladora conviene comprar,"Un combo de taladro y amoladora conviene si necesitás ambas máquinas y sus especificaciones cubren tus tareas. Compará cada código por separado y verificá discos, brocas, baterías o cargador incluidos antes de valorar el ahorro del paquete.",97,37,borrador: revision de fuentes pendiente,paginas/taladros/23-combo-taladro-amoladora.md
/taladros/dewalt-inalambrico/,taladro inalambrico dewalt,Taladro inalámbrico DeWalt: modelos y diferencias,Qué taladro inalámbrico DeWalt comprar,"Elegí un DeWalt inalámbrico por la tarea: mandril y torque para perforar o atornillar, percusión si corresponde y plataforma de batería. Confirmá modelo y contenido del kit antes de comparar precios.",126,31,borrador: revision de fuentes pendiente,paginas/taladros/13-taladro-inalambrico-dewalt.md
/taladros/einhell-inalambrico/,taladro inalambrico einhell,Taladro inalámbrico Einhell: cuál comprar,Qué taladro inalámbrico Einhell elegir,"Elegí un Einhell inalámbrico según material, torque y funciones que usás, comprobando compatibilidad con la plataforma de batería. Separá máquina sola de kit con batería y cargador al comparar avisos.",123,30,borrador: revision de fuentes pendiente,paginas/taladros/12-taladro-inalambrico-einhell.md
/taladros/inalambricos/,taladro inalámbrico,Taladro inalámbrico: cuál comprar en Argentina,Cómo elegir un taladro inalámbrico para tu trabajo,"Elegí un taladro inalámbrico por material a perforar, tornillos, frecuencia de uso y autonomía. Compará mandril, torque, percusión cuando haga falta y batería incluida; el voltaje por sí solo no define el resultado.",151,33,borrador: revision de fuentes pendiente,paginas/taladros/01-taladro-inalambrico.md
/taladros/lusqtoff-inalambrico/,taladro inalambrico lusqtoff,Taladro inalámbrico Lusqtoff: cuál conviene comprar,Cómo elegir un taladro inalámbrico Lusqtoff,"Para elegir un Lüsqtoff inalámbrico, identificá modelo y plataforma de batería y compará torque, mandril y funciones con tu tarea. Confirmá batería y cargador incluidos en la publicación.",127,28,borrador: revision de fuentes pendiente,paginas/taladros/16-taladro-inalambrico-lusqtoff.md
/taladros/mecha-forstner-35-mm/,mecha forstner,Mecha Forstner 35 mm: cuál usar para bisagras cazoleta,Cómo elegir una mecha Forstner de 35 mm para bisagras,"Para perforar el alojamiento de una bisagra de 35 mm, elegí una mecha Forstner de ese diámetro adecuada a la madera o tablero. Comprobá eje, profundidad y guía del taladro para controlar la posición sin atravesar la pieza.",96,38,borrador: revision de fuentes pendiente,paginas/taladros/22-mecha-forstner-35-mm.md
/taladros/mecha-porcelanato/,mecha para porcelanato,Mecha para porcelanato: cuál elegir y cómo usarla,Qué mecha usar para perforar porcelanato,"Para perforar porcelanato, elegí una broca o corona diamantada compatible con el diámetro del agujero y la herramienta. Verificá si exige refrigeración y evitá usar percusión salvo indicación expresa del fabricante.",142,31,borrador: revision de fuentes pendiente,paginas/taladros/14-mecha-para-porcelanato.md
/taladros/mechas-escalonadas/,mecha escalonada,Mecha escalonada: cuál comprar para chapa y metal,Qué mecha escalonada elegir y cómo usarla,"Elegí una mecha escalonada por material, rango de diámetros y espesor de chapa que admite. Usala con velocidad y lubricación acordes a las indicaciones del fabricante, controlando el escalón final del agujero.",108,32,borrador: revision de fuentes pendiente,paginas/taladros/21-mechas-escalonadas.md
/taladros/milwaukee/,taladro milwaukee,"Taladro Milwaukee: M12, M18 y cuál elegir",Qué taladro Milwaukee comprar según el uso,"Elegí un taladro Milwaukee según material, mandril, torque y plataforma de batería, no solo por la marca. Compará modelos identificados y verificá si el kit incluye baterías y cargador.",151,29,borrador: revision de fuentes pendiente,paginas/taladros/15-taladro-milwaukee.md
/taladros/para-durlock/,atornillador para durlock,Atornillador para Durlock: cuál comprar y por qué,Cómo elegir un atornillador para Durlock,"Para Durlock, elegí un atornillador que permita fijar tornillos a profundidad constante sin romper la placa. Compará control de profundidad, velocidad, ergonomía y alimentación según la cantidad de fijaciones.",147,29,borrador: revision de fuentes pendiente,paginas/taladros/08-atornillador-para-durlock.md
/taladros/percutores/,taladro percutor,Taladro percutor: cuál comprar y cómo elegirlo,Cómo elegir un taladro percutor,"Elegí un taladro percutor para perforación ocasional de mampostería, comprobando mandril, diámetro y alimentación. Para hormigón frecuente o agujeros grandes, compará un rotomartillo SDS antes de comprar.",137,27,borrador: revision de fuentes pendiente,paginas/taladros/03-taladro-percutor.md
/taladros/rotomartillo-bosch/,rotomartillo bosch,Rotomartillo Bosch: modelos y cuál conviene comprar,Qué rotomartillo Bosch elegir,"Elegí un rotomartillo Bosch según material, diámetro y frecuencia de perforación. Compará energía de impacto, encastre SDS, peso y modos de trabajo de modelos concretos.",145,25,borrador: revision de fuentes pendiente,paginas/taladros/06-rotomartillo-bosch.md
/taladros/rotomartillo-dewalt/,rotomartillo dewalt,Rotomartillo DeWalt: cuál elegir para tu trabajo,Cómo elegir un rotomartillo DeWalt,"Para elegir un rotomartillo DeWalt, definí diámetro y frecuencia de agujeros en hormigón y compará energía de impacto, SDS, peso y vibración. Confirmá si el aviso es máquina sola o kit con baterías.",139,33,borrador: revision de fuentes pendiente,paginas/taladros/11-rotomartillo-dewalt.md
/taladros/rotomartillo-einhell/,rotomartillo einhell,Rotomartillo Einhell: comparativa y guía de compra,Qué rotomartillo Einhell comprar,"Elegí un rotomartillo Einhell por material y diámetro de perforación, comprobando energía de impacto, encastre SDS y modos. En las variantes a batería, confirmá plataforma y contenido del kit.",131,29,borrador: revision de fuentes pendiente,paginas/taladros/10-rotomartillo-einhell.md
/taladros/rotomartillos/,rotomartillo,Rotomartillo: cuál elegir para concreto y obra,Qué rotomartillo comprar según el trabajo,"Elegí un rotomartillo según diámetro y cantidad de perforaciones en hormigón o mampostería. Compará energía de impacto, encastre SDS, peso y modos; más watts no describen por sí solos la capacidad de perforación.",139,33,borrador: revision de fuentes pendiente,paginas/taladros/02-rotomartillo.md
/taladros/stanley/,taladro stanley,Taladro Stanley: modelos y cuál conviene comprar,Qué taladro Stanley elegir,"Elegí un taladro Stanley según material, mandril y frecuencia de uso. Compará percusión, torque o potencia según sea con batería o cable, y verificá el código y los accesorios incluidos.",141,30,borrador: revision de fuentes pendiente,paginas/taladros/18-taladro-stanley.md
/taladros/taladro-de-banco/,taladro de banco,Taladro de banco: guía para elegir y comparar,Qué taladro de banco comprar para tu taller,"Para tu taller, elegí un taladro de banco por tamaño de piezas, capacidad de perforación, recorrido del husillo y estabilidad de la mesa. Compará mandril y velocidades con los materiales que trabajás.",148,32,borrador: revision de fuentes pendiente,paginas/taladros/04-taladro-de-banco.md
/taladros/taladro-percutor-inalambrico/,taladro percutor inalambrico,Taladro percutor inalámbrico: modelos y comparativa,Qué taladro percutor inalámbrico comprar,"Un percutor inalámbrico conviene si además de atornillar perforás mampostería ocasionalmente y necesitás movilidad. Elegí por mandril, torque, batería y capacidad declarada; para hormigón frecuente, compará SDS.",129,27,borrador: revision de fuentes pendiente,paginas/taladros/07-taladro-percutor-inalambrico.md
