version,source_product_id,source_mpn,target_product_id,target_mpn,verdict,conditions,required_packs,evidence_ids,source_urls,date_reviewed
2-documental-1009f64e09e4,BAT-BOSCH-PROCORE-4AH,1600A016GB,TOOL-BOSCH-GWS-18V-10,06019J40E0,Compatible documentado,,1,DOC-BAT-BOSCH-PROCORE-4AH | DOC-TOOL-BOSCH-GWS-18V-10,https://www.bosch-professional.com/ar/es/products/procore18v-4-0ah-1600A016GB | https://www.bosch-professional.com/ar/es/products/gws-18v-10-125-mm-06019J40E0 | https://www.bosch-professional.com/binary/manualsmedia/o323426v21_160992A51Y_201909.pdf,2026-10-04
2-documental-1009f64e09e4,BAT-BOSCH-PROCORE-4AH,1600A016GB,TOOL-BOSCH-GWS-18V-10PSC,06019G3F0B,Compatible documentado,,1,DOC-BAT-BOSCH-PROCORE-4AH | DOC-TOOL-BOSCH-GWS-18V-10PSC,https://www.bosch-professional.com/ar/es/products/procore18v-4-0ah-1600A016GB | https://www.bosch-professional.com/ar/es/products/gws-18v-10-psc-06019G3F0B,2026-10-04
2-documental-1009f64e09e4,BAT-BOSCH-PROCORE-4AH,1600A016GB,TOOL-BOSCH-GWS-18V-10P,06019J41E0,Compatible documentado,,1,DOC-BAT-BOSCH-PROCORE-4AH | DOC-TOOL-BOSCH-GWS-18V-10P,https://www.bosch-professional.com/ar/es/products/procore18v-4-0ah-1600A016GB | https://www.bosch-professional.com/ar/es/products/gws-18v-10-p-06019J41E0,2026-10-04
2-documental-1009f64e09e4,BAT-BOSCH-PROCORE-4AH,1600A016GB,TOOL-BOSCH-GDX-18V-200,06019J22E0,Compatible documentado,,1,DOC-BAT-BOSCH-PROCORE-4AH | DOC-TOOL-BOSCH-GDX-18V-200,https://www.bosch-professional.com/ar/es/products/procore18v-4-0ah-1600A016GB | https://www.bosch-professional.com/ar/es/products/gdx-18v-200-06019J22E0,2026-10-04
2-documental-1009f64e09e4,BAT-BOSCH-PROCORE-8AH,1600A016GK,TOOL-BOSCH-GWS-18V-10,06019J40E0,Compatible documentado,,1,DOC-BAT-BOSCH-PROCORE-8AH | DOC-TOOL-BOSCH-GWS-18V-10,https://www.bosch-professional.com/ar/es/products/procore18v-8-0ah-1600A016GK | https://www.bosch-professional.com/ar/es/products/gws-18v-10-125-mm-06019J40E0 | https://www.bosch-professional.com/binary/manualsmedia/o323426v21_160992A51Y_201909.pdf,2026-10-04
2-documental-1009f64e09e4,BAT-BOSCH-PROCORE-8AH,1600A016GK,TOOL-BOSCH-GWS-18V-10PSC,06019G3F0B,Compatible documentado,,1,DOC-BAT-BOSCH-PROCORE-8AH | DOC-TOOL-BOSCH-GWS-18V-10PSC,https://www.bosch-professional.com/ar/es/products/procore18v-8-0ah-1600A016GK | https://www.bosch-professional.com/ar/es/products/gws-18v-10-psc-06019G3F0B,2026-10-04
2-documental-1009f64e09e4,BAT-BOSCH-PROCORE-8AH,1600A016GK,TOOL-BOSCH-GWS-18V-10P,06019J41E0,Compatible documentado,,1,DOC-BAT-BOSCH-PROCORE-8AH | DOC-TOOL-BOSCH-GWS-18V-10P,https://www.bosch-professional.com/ar/es/products/procore18v-8-0ah-1600A016GK | https://www.bosch-professional.com/ar/es/products/gws-18v-10-p-06019J41E0,2026-10-04
2-documental-1009f64e09e4,BAT-BOSCH-PROCORE-8AH,1600A016GK,TOOL-BOSCH-GDX-18V-200,06019J22E0,Compatible documentado,,1,DOC-BAT-BOSCH-PROCORE-8AH | DOC-TOOL-BOSCH-GDX-18V-200,https://www.bosch-professional.com/ar/es/products/procore18v-8-0ah-1600A016GK | https://www.bosch-professional.com/ar/es/products/gdx-18v-200-06019J22E0,2026-10-04
2-documental-1009f64e09e4,BAT-BOSCH-GBA-2AH,1600Z00036,TOOL-BOSCH-GWS-18V-10,06019J40E0,Compatible documentado,,1,DOC-BAT-BOSCH-GBA-2AH | DOC-TOOL-BOSCH-GWS-18V-10,https://www.bosch-professional.com/ar/es/products/gba-18v-2-0ah-1600Z00036 | https://www.bosch-professional.com/ar/es/products/gws-18v-10-125-mm-06019J40E0 | https://www.bosch-professional.com/binary/manualsmedia/o323426v21_160992A51Y_201909.pdf,2026-10-04
2-documental-1009f64e09e4,BAT-BOSCH-GBA-2AH,1600Z00036,TOOL-BOSCH-GWS-18V-10PSC,06019G3F0B,Compatible documentado,,1,DOC-BAT-BOSCH-GBA-2AH | DOC-TOOL-BOSCH-GWS-18V-10PSC,https://www.bosch-professional.com/ar/es/products/gba-18v-2-0ah-1600Z00036 | https://www.bosch-professional.com/ar/es/products/gws-18v-10-psc-06019G3F0B,2026-10-04
2-documental-1009f64e09e4,BAT-BOSCH-GBA-2AH,1600Z00036,TOOL-BOSCH-GWS-18V-10P,06019J41E0,Compatible documentado,,1,DOC-BAT-BOSCH-GBA-2AH | DOC-TOOL-BOSCH-GWS-18V-10P,https://www.bosch-professional.com/ar/es/products/gba-18v-2-0ah-1600Z00036 | https://www.bosch-professional.com/ar/es/products/gws-18v-10-p-06019J41E0,2026-10-04
2-documental-1009f64e09e4,BAT-BOSCH-GBA-2AH,1600Z00036,TOOL-BOSCH-GDX-18V-200,06019J22E0,Compatible documentado,,1,DOC-BAT-BOSCH-GBA-2AH | DOC-TOOL-BOSCH-GDX-18V-200,https://www.bosch-professional.com/ar/es/products/gba-18v-2-0ah-1600Z00036 | https://www.bosch-professional.com/ar/es/products/gdx-18v-200-06019J22E0,2026-10-04
2-documental-1009f64e09e4,BAT-BOSCH-GBA-4AH,1600Z00038,TOOL-BOSCH-GWS-18V-10,06019J40E0,Compatible documentado,,1,DOC-BAT-BOSCH-GBA-4AH | DOC-TOOL-BOSCH-GWS-18V-10,https://www.bosch-professional.com/ar/es/products/gba-18v-4-0ah-1600Z00038 | https://www.bosch-professional.com/ar/es/products/gws-18v-10-125-mm-06019J40E0 | https://www.bosch-professional.com/binary/manualsmedia/o323426v21_160992A51Y_201909.pdf,2026-10-04
2-documental-1009f64e09e4,BAT-BOSCH-GBA-4AH,1600Z00038,TOOL-BOSCH-GWS-18V-10PSC,06019G3F0B,Compatible documentado,,1,DOC-BAT-BOSCH-GBA-4AH | DOC-TOOL-BOSCH-GWS-18V-10PSC,https://www.bosch-professional.com/ar/es/products/gba-18v-4-0ah-1600Z00038 | https://www.bosch-professional.com/ar/es/products/gws-18v-10-psc-06019G3F0B,2026-10-04
2-documental-1009f64e09e4,BAT-BOSCH-GBA-4AH,1600Z00038,TOOL-BOSCH-GWS-18V-10P,06019J41E0,Compatible documentado,,1,DOC-BAT-BOSCH-GBA-4AH | DOC-TOOL-BOSCH-GWS-18V-10P,https://www.bosch-professional.com/ar/es/products/gba-18v-4-0ah-1600Z00038 | https://www.bosch-professional.com/ar/es/products/gws-18v-10-p-06019J41E0,2026-10-04
2-documental-1009f64e09e4,BAT-BOSCH-GBA-4AH,1600Z00038,TOOL-BOSCH-GDX-18V-200,06019J22E0,Compatible documentado,,1,DOC-BAT-BOSCH-GBA-4AH | DOC-TOOL-BOSCH-GDX-18V-200,https://www.bosch-professional.com/ar/es/products/gba-18v-4-0ah-1600Z00038 | https://www.bosch-professional.com/ar/es/products/gdx-18v-200-06019J22E0,2026-10-04
2-documental-1009f64e09e4,BAT-BOSCH-GBA-5AH,1600A002U5,TOOL-BOSCH-GWS-18V-10,06019J40E0,Compatible documentado,,1,DOC-BAT-BOSCH-GBA-5AH | DOC-TOOL-BOSCH-GWS-18V-10,https://www.bosch-professional.com/ar/es/products/gba-18v-5-0ah-1600A002U5 | https://www.bosch-professional.com/ar/es/products/gws-18v-10-125-mm-06019J40E0 | https://www.bosch-professional.com/binary/manualsmedia/o323426v21_160992A51Y_201909.pdf,2026-10-04
2-documental-1009f64e09e4,BAT-BOSCH-GBA-5AH,1600A002U5,TOOL-BOSCH-GWS-18V-10PSC,06019G3F0B,Compatible documentado,,1,DOC-BAT-BOSCH-GBA-5AH | DOC-TOOL-BOSCH-GWS-18V-10PSC,https://www.bosch-professional.com/ar/es/products/gba-18v-5-0ah-1600A002U5 | https://www.bosch-professional.com/ar/es/products/gws-18v-10-psc-06019G3F0B,2026-10-04
2-documental-1009f64e09e4,BAT-BOSCH-GBA-5AH,1600A002U5,TOOL-BOSCH-GWS-18V-10P,06019J41E0,Compatible documentado,,1,DOC-BAT-BOSCH-GBA-5AH | DOC-TOOL-BOSCH-GWS-18V-10P,https://www.bosch-professional.com/ar/es/products/gba-18v-5-0ah-1600A002U5 | https://www.bosch-professional.com/ar/es/products/gws-18v-10-p-06019J41E0,2026-10-04
2-documental-1009f64e09e4,BAT-BOSCH-GBA-5AH,1600A002U5,TOOL-BOSCH-GDX-18V-200,06019J22E0,Compatible documentado,,1,DOC-BAT-BOSCH-GBA-5AH | DOC-TOOL-BOSCH-GDX-18V-200,https://www.bosch-professional.com/ar/es/products/gba-18v-5-0ah-1600A002U5 | https://www.bosch-professional.com/ar/es/products/gdx-18v-200-06019J22E0,2026-10-04
2-documental-1009f64e09e4,CHG-BOSCH-GAL-18V40-1600A028U0,1600A028U0,BAT-BOSCH-PROCORE-4AH,1600A016GB,Compatible documentado,,1,DOC-CHG-BOSCH-GAL-18V40-1600A028U0 | DOC-BAT-BOSCH-PROCORE-4AH,https://www.bosch-professional.com/ar/es/products/gal-18v-40-1600A028U0 | https://www.bosch-professional.com/ar/es/products/procore18v-4-0ah-1600A016GB,2026-10-04
2-documental-1009f64e09e4,CHG-BOSCH-GAL-18V40-1600A028U0,1600A028U0,BAT-BOSCH-PROCORE-8AH,1600A016GK,Compatible documentado,,1,DOC-CHG-BOSCH-GAL-18V40-1600A028U0 | DOC-BAT-BOSCH-PROCORE-8AH,https://www.bosch-professional.com/ar/es/products/gal-18v-40-1600A028U0 | https://www.bosch-professional.com/ar/es/products/procore18v-8-0ah-1600A016GK,2026-10-04
2-documental-1009f64e09e4,CHG-BOSCH-GAL-18V40-1600A028U0,1600A028U0,BAT-BOSCH-GBA-2AH,1600Z00036,Compatible documentado,,1,DOC-CHG-BOSCH-GAL-18V40-1600A028U0 | DOC-BAT-BOSCH-GBA-2AH,https://www.bosch-professional.com/ar/es/products/gal-18v-40-1600A028U0 | https://www.bosch-professional.com/ar/es/products/gba-18v-2-0ah-1600Z00036,2026-10-04
2-documental-1009f64e09e4,CHG-BOSCH-GAL-18V40-1600A028U0,1600A028U0,BAT-BOSCH-GBA-4AH,1600Z00038,Compatible documentado,,1,DOC-CHG-BOSCH-GAL-18V40-1600A028U0 | DOC-BAT-BOSCH-GBA-4AH,https://www.bosch-professional.com/ar/es/products/gal-18v-40-1600A028U0 | https://www.bosch-professional.com/ar/es/products/gba-18v-4-0ah-1600Z00038,2026-10-04
2-documental-1009f64e09e4,CHG-BOSCH-GAL-18V40-1600A028U0,1600A028U0,BAT-BOSCH-GBA-5AH,1600A002U5,Compatible documentado,,1,DOC-CHG-BOSCH-GAL-18V40-1600A028U0 | DOC-BAT-BOSCH-GBA-5AH,https://www.bosch-professional.com/ar/es/products/gal-18v-40-1600A028U0 | https://www.bosch-professional.com/ar/es/products/gba-18v-5-0ah-1600A002U5,2026-10-04
2-documental-1009f64e09e4,CHG-BOSCH-GAL-1880CV-1600A015TL,1600A015TL,BAT-BOSCH-PROCORE-4AH,1600A016GB,Compatible documentado,,1,DOC-CHG-BOSCH-GAL-1880CV-1600A015TL | DOC-BAT-BOSCH-PROCORE-4AH,https://www.bosch-professional.com/ar/es/products/gal-1880-cv-1600A015TL | https://www.bosch-professional.com/ar/es/products/procore18v-4-0ah-1600A016GB,2026-10-04
2-documental-1009f64e09e4,CHG-BOSCH-GAL-1880CV-1600A015TL,1600A015TL,BAT-BOSCH-PROCORE-8AH,1600A016GK,Compatible documentado,,1,DOC-CHG-BOSCH-GAL-1880CV-1600A015TL | DOC-BAT-BOSCH-PROCORE-8AH,https://www.bosch-professional.com/ar/es/products/gal-1880-cv-1600A015TL | https://www.bosch-professional.com/ar/es/products/procore18v-8-0ah-1600A016GK,2026-10-04
2-documental-1009f64e09e4,CHG-BOSCH-GAL-1880CV-1600A015TL,1600A015TL,BAT-BOSCH-GBA-2AH,1600Z00036,Compatible documentado,,1,DOC-CHG-BOSCH-GAL-1880CV-1600A015TL | DOC-BAT-BOSCH-GBA-2AH,https://www.bosch-professional.com/ar/es/products/gal-1880-cv-1600A015TL | https://www.bosch-professional.com/ar/es/products/gba-18v-2-0ah-1600Z00036,2026-10-04
2-documental-1009f64e09e4,CHG-BOSCH-GAL-1880CV-1600A015TL,1600A015TL,BAT-BOSCH-GBA-4AH,1600Z00038,Compatible documentado,,1,DOC-CHG-BOSCH-GAL-1880CV-1600A015TL | DOC-BAT-BOSCH-GBA-4AH,https://www.bosch-professional.com/ar/es/products/gal-1880-cv-1600A015TL | https://www.bosch-professional.com/ar/es/products/gba-18v-4-0ah-1600Z00038,2026-10-04
2-documental-1009f64e09e4,CHG-BOSCH-GAL-1880CV-1600A015TL,1600A015TL,BAT-BOSCH-GBA-5AH,1600A002U5,Compatible documentado,,1,DOC-CHG-BOSCH-GAL-1880CV-1600A015TL | DOC-BAT-BOSCH-GBA-5AH,https://www.bosch-professional.com/ar/es/products/gal-1880-cv-1600A015TL | https://www.bosch-professional.com/ar/es/products/gba-18v-5-0ah-1600A002U5,2026-10-04
2-documental-1009f64e09e4,BAT-GAMMA-G12490AR,G12490AR,TOOL-GAMMA-G12414AR,G12414AR,Compatible documentado,,1,DOC-BAT-GAMMA-G12490AR | DOC-TOOL-GAMMA-G12414AR,https://www.gammaherramientas.com.ar/producto/bateria-g12490ar/ | https://www.gammaherramientas.com.ar/producto/equipoparapintar-abateria-g12414ar-2/,2026-10-04
2-documental-1009f64e09e4,BAT-GAMMA-G12490AR,G12490AR,TOOL-GAMMA-G12407AR,G12407AR,Compatible documentado,,1,DOC-BAT-GAMMA-G12490AR | DOC-TOOL-GAMMA-G12407AR,https://www.gammaherramientas.com.ar/producto/bateria-g12490ar/ | https://www.gammaherramientas.com.ar/producto/multitooloscilante-g12407/,2026-10-04
2-documental-1009f64e09e4,BAT-GAMMA-G12490AR,G12490AR,TOOL-GAMMA-G12402-1AR,G12402/1AR,Compatible documentado,,1,DOC-BAT-GAMMA-G12490AR | DOC-TOOL-GAMMA-G12402-1AR,https://www.gammaherramientas.com.ar/producto/bateria-g12490ar/ | https://www.gammaherramientas.com.ar/producto/atornillador-abateria-multienergy-percusion/,2026-10-04
2-documental-1009f64e09e4,BAT-GAMMA-G12491AR,G12491AR,TOOL-GAMMA-G12414AR,G12414AR,Compatible documentado,,1,DOC-BAT-GAMMA-G12491AR | DOC-TOOL-GAMMA-G12414AR,https://www.gammaherramientas.com.ar/producto/bateria-g12491ar/ | https://www.gammaherramientas.com.ar/producto/equipoparapintar-abateria-g12414ar-2/,2026-10-04
2-documental-1009f64e09e4,BAT-GAMMA-G12491AR,G12491AR,TOOL-GAMMA-G12407AR,G12407AR,Compatible documentado,,1,DOC-BAT-GAMMA-G12491AR | DOC-TOOL-GAMMA-G12407AR,https://www.gammaherramientas.com.ar/producto/bateria-g12491ar/ | https://www.gammaherramientas.com.ar/producto/multitooloscilante-g12407/,2026-10-04
2-documental-1009f64e09e4,BAT-GAMMA-G12491AR,G12491AR,TOOL-GAMMA-G12402-1AR,G12402/1AR,Compatible documentado,,1,DOC-BAT-GAMMA-G12491AR | DOC-TOOL-GAMMA-G12402-1AR,https://www.gammaherramientas.com.ar/producto/bateria-g12491ar/ | https://www.gammaherramientas.com.ar/producto/atornillador-abateria-multienergy-percusion/,2026-10-04
2-documental-1009f64e09e4,CHG-GAMMA-G12492AR,G12492AR,BAT-GAMMA-G12490AR,G12490AR,Compatible documentado,,1,DOC-CHG-GAMMA-G12492AR | DOC-BAT-GAMMA-G12490AR,https://www.gammaherramientas.com.ar/producto/cargador-g12492ar/ | https://www.gammaherramientas.com.ar/producto/bateria-g12490ar/,2026-10-04
2-documental-1009f64e09e4,CHG-GAMMA-G12492AR,G12492AR,BAT-GAMMA-G12491AR,G12491AR,Compatible documentado,,1,DOC-CHG-GAMMA-G12492AR | DOC-BAT-GAMMA-G12491AR,https://www.gammaherramientas.com.ar/producto/cargador-g12492ar/ | https://www.gammaherramientas.com.ar/producto/bateria-g12491ar/,2026-10-04
2-documental-1009f64e09e4,CHG-GAMMA-G12493AR,G12493AR,BAT-GAMMA-G12490AR,G12490AR,Compatible documentado,,1,DOC-CHG-GAMMA-G12493AR | DOC-BAT-GAMMA-G12490AR,https://www.gammaherramientas.com.ar/producto/cargador-g12493ar/ | https://www.gammaherramientas.com.ar/producto/bateria-g12490ar/,2026-10-04
2-documental-1009f64e09e4,CHG-GAMMA-G12493AR,G12493AR,BAT-GAMMA-G12491AR,G12491AR,Compatible documentado,,1,DOC-CHG-GAMMA-G12493AR | DOC-BAT-GAMMA-G12491AR,https://www.gammaherramientas.com.ar/producto/cargador-g12493ar/ | https://www.gammaherramientas.com.ar/producto/bateria-g12491ar/,2026-10-04
